-- MySQL dump 10.13  Distrib 8.0.45, for Linux (aarch64)
--
-- Host: localhost    Database: digital_hunter
-- ------------------------------------------------------
-- Server version	8.0.45

/*!40101 SET @OLD_CHARACTER_SET_CLIENT=@@CHARACTER_SET_CLIENT */;
/*!40101 SET @OLD_CHARACTER_SET_RESULTS=@@CHARACTER_SET_RESULTS */;
/*!40101 SET @OLD_COLLATION_CONNECTION=@@COLLATION_CONNECTION */;
/*!50503 SET NAMES utf8mb4 */;
/*!40103 SET @OLD_TIME_ZONE=@@TIME_ZONE */;
/*!40103 SET TIME_ZONE='+00:00' */;
/*!40014 SET @OLD_UNIQUE_CHECKS=@@UNIQUE_CHECKS, UNIQUE_CHECKS=0 */;
/*!40014 SET @OLD_FOREIGN_KEY_CHECKS=@@FOREIGN_KEY_CHECKS, FOREIGN_KEY_CHECKS=0 */;
/*!40101 SET @OLD_SQL_MODE=@@SQL_MODE, SQL_MODE='NO_AUTO_VALUE_ON_ZERO' */;
/*!40111 SET @OLD_SQL_NOTES=@@SQL_NOTES, SQL_NOTES=0 */;

--
-- Table structure for table `attacks`
--

DROP TABLE IF EXISTS `attacks`;
/*!40101 SET @saved_cs_client     = @@character_set_client */;
/*!50503 SET character_set_client = utf8mb4 */;
CREATE TABLE `attacks` (
  `attack_id` varchar(36) NOT NULL,
  `timestamp` datetime(6) NOT NULL,
  `entity_id` varchar(50) NOT NULL,
  `weapon_type` varchar(100) NOT NULL,
  `created_at` timestamp NULL DEFAULT CURRENT_TIMESTAMP,
  PRIMARY KEY (`attack_id`),
  KEY `idx_entity_id` (`entity_id`),
  KEY `idx_timestamp` (`timestamp`)
) ENGINE=InnoDB DEFAULT CHARSET=utf8mb4 COLLATE=utf8mb4_0900_ai_ci;
/*!40101 SET character_set_client = @saved_cs_client */;

--
-- Dumping data for table `attacks`
--

LOCK TABLES `attacks` WRITE;
/*!40000 ALTER TABLE `attacks` DISABLE KEYS */;
INSERT INTO `attacks` VALUES ('0297b6a3-e430-49f7-8c4a-ab5dac5fb8b2','2026-03-15 11:07:08.725897','TGT-012','AGM-114 Hellfire','2026-03-15 11:07:08'),('0460f1bc-bda9-4cce-8a25-46b634a17f2a','2026-03-15 11:10:58.688629','TGT-012','Popeye AGM','2026-03-15 11:10:58'),('058dbed0-2492-43ff-ba1f-dea3bc3a7954','2026-03-15 11:01:47.381378','TGT-007','Popeye AGM','2026-03-15 11:01:47'),('0607f122-2b2d-47f3-9978-a31dab0af71f','2026-03-15 11:00:34.070312','TGT-001','AGM-114 Hellfire','2026-03-15 11:00:34'),('074d512b-b97a-4869-b70c-cda8b837d070','2026-03-15 11:10:22.540883','TGT-003','Griffin LGM','2026-03-15 11:10:22'),('080045a8-c4a0-4431-a0f0-e1d48c0c8012','2026-03-15 11:06:09.424300','TGT-005','Popeye AGM','2026-03-15 11:06:09'),('0bb5f648-3d69-453c-9a30-85c93019d992','2026-03-15 11:10:08.502646','TGT-010','Griffin LGM','2026-03-15 11:10:08'),('0d96e95d-43d1-458c-9cf7-ff3485788f9e','2026-03-15 10:55:53.886687','TGT-010','GBU-39 SDB','2026-03-15 10:55:53'),('0ec70ac4-73ae-4044-a199-7846ff6e593a','2026-03-15 10:53:37.348055','TGT-014','GBU-39 SDB','2026-03-15 10:53:37'),('0fce06da-2d5b-4110-a8c9-5ee41a9a68fd','2026-03-15 11:07:00.683572','TGT-015','GBU-39 SDB','2026-03-15 11:07:04'),('10000164-cdbd-4331-93ce-93021d5131da','2026-03-15 11:09:15.287839','TGT-UNKNOWN-103','Griffin LGM','2026-03-15 11:09:15'),('11c97932-9d96-43c5-8270-d1197cd38570','2026-03-15 10:55:17.758040','TGT-002','Delilah Missile','2026-03-15 10:55:17'),('121f5b3b-5cb0-4f79-b185-df6d8b04cfb4','2026-03-15 10:57:05.176189','TGT-014','Delilah Missile','2026-03-15 10:57:05'),('13723565-9bb7-4352-aea1-d496512bdb54','2026-03-15 11:04:00.914243','TGT-003','SPICE-250','2026-03-15 11:04:00'),('14fa3dfa-cdeb-436c-86ae-fd73b94c12a5','2026-03-15 10:59:45.860999','TGT-001','Popeye AGM','2026-03-15 10:59:45'),('1659affd-4eb7-4900-a988-31f49799a703','2026-03-15 11:04:39.065416','TGT-005','Delilah Missile','2026-03-15 11:04:39'),('1793a796-592e-4d1f-af6c-83ca619b03b1','2026-03-15 11:03:14.740620','TGT-UNKNOWN-333','Delilah Missile','2026-03-15 11:03:14'),('18ac549d-6185-4899-a9b4-aae717bc71b2','2026-03-15 10:59:23.762872','TGT-UNKNOWN-706','Popeye AGM','2026-03-15 10:59:23'),('19797ad3-edb1-49be-b20c-45b67a761e67','2026-03-15 11:00:45.122321','TGT-015','AGM-114 Hellfire','2026-03-15 11:00:45'),('1b929014-f4af-4e91-8012-078f83471be2','2026-03-15 10:54:06.473202','TGT-UNKNOWN-189','GBU-39 SDB','2026-03-15 10:54:06'),('1c0d7f5e-a62b-411b-89f4-5c31cae9d15e','2026-03-15 11:10:57.684571','TGT-014','SPICE-250','2026-03-15 11:10:57'),('1f09f4aa-48f5-4919-afc0-7e5980cc8327','2026-03-15 11:00:09.967342','TGT-007','Popeye AGM','2026-03-15 11:00:09'),('20f0d82e-b555-4228-876e-74181567482f','2026-03-15 11:05:40.313932','TGT-010','SPICE-250','2026-03-15 11:05:40'),('229933cd-64b5-4b86-8ffb-746b7c8b5749','2026-03-15 10:54:36.595092','TGT-014','AGM-114 Hellfire','2026-03-15 10:54:36'),('22c097d5-aad8-44b8-8848-49112b0be172','2026-03-15 10:57:09.189472','TGT-003','Popeye AGM','2026-03-15 10:57:09'),('243a89de-8106-4e77-8e8d-7055197e3bb9','2026-03-15 11:08:23.066503','TGT-015','AGM-114 Hellfire','2026-03-15 11:08:23'),('2480284d-6572-4c0c-a2ca-b7a89a79729d','2026-03-15 10:58:04.405714','TGT-012','Griffin LGM','2026-03-15 10:58:04'),('25d258e5-ded3-44a2-8a64-a47feb77a0e3','2026-03-15 11:03:46.853310','TGT-005','AGM-114 Hellfire','2026-03-15 11:03:46'),('278b8970-d5f9-4db3-a698-90a863d39968','2026-03-15 10:59:00.659351','TGT-006','GBU-39 SDB','2026-03-15 10:59:00'),('27bd4e14-7a01-4d2c-a555-c4e3a47b0eda','2026-03-15 11:09:45.405750','TGT-UNKNOWN-334','Griffin LGM','2026-03-15 11:09:45'),('284b5acb-9db6-49eb-a6d0-a2da4927a1ce','2026-03-15 11:08:41.142546','TGT-015','GBU-39 SDB','2026-03-15 11:08:41'),('289005cf-1582-471d-bad8-9c77d83b02c5','2026-03-15 11:06:58.644102','TGT-005','SPICE-250','2026-03-15 11:07:04'),('28ae09f9-b6e9-4c40-b44f-b7735e9ab26b','2026-03-15 10:57:28.257205','TGT-014','Griffin LGM','2026-03-15 10:57:28'),('2a812bb3-a4dd-4b11-a8d3-c5df2cf6e697','2026-03-15 10:58:28.510359','TGT-003','Delilah Missile','2026-03-15 10:58:28'),('2af33ae4-d945-4f7d-a191-a185cb474eb3','2026-03-15 11:05:14.209312','TGT-007','Delilah Missile','2026-03-15 11:05:14'),('2bfba99a-b007-4773-8abc-18926b172d4a','2026-03-15 11:10:43.625356','TGT-014','SPICE-250','2026-03-15 11:10:43'),('2d22234d-bb9f-4664-b4c8-625c4cb3d68c','2026-03-15 10:58:46.600796','TGT-015','GBU-39 SDB','2026-03-15 10:58:46'),('2e5cd942-75a1-4ee5-90ed-2e9dcbe63ac2','2026-03-15 11:11:00.694292','TGT-006','Popeye AGM','2026-03-15 11:11:00'),('2ecca6c2-51c1-4915-a0da-aca8c4e240c9','2026-03-15 11:06:33.534393','TGT-015','GBU-39 SDB','2026-03-15 11:06:33'),('345dd951-2268-48f0-b604-43f45ef6e462','2026-03-15 10:56:53.125015','TGT-014','SPICE-250','2026-03-15 10:56:53'),('37ceee82-5cab-4054-b616-8276be87b102','2026-03-15 11:07:52.931367','TGT-013','SPICE-250','2026-03-15 11:07:52'),('384ad5ed-464a-496b-99c1-329ff82c5890','2026-03-15 11:01:52.406596','TGT-001','AGM-114 Hellfire','2026-03-15 11:01:52'),('38ffd813-f431-4028-97d6-249f00b01965','2026-03-15 11:02:41.635215','TGT-002','AGM-114 Hellfire','2026-03-15 11:02:41'),('391cb318-e7c5-42e3-a175-33ab5361e5b2','2026-03-15 11:04:50.109733','TGT-002','Griffin LGM','2026-03-15 11:04:50'),('39b43135-e817-42a1-ae69-d1d473a58117','2026-03-15 10:58:05.412275','TGT-009','GBU-39 SDB','2026-03-15 10:58:05'),('3a0b46fa-062c-4b9b-8b91-5f3780b01c88','2026-03-15 11:03:27.786267','TGT-004','Griffin LGM','2026-03-15 11:03:27'),('3a59d135-20fc-4a42-b610-1413b8e30f5f','2026-03-15 11:10:07.498420','TGT-015','SPICE-250','2026-03-15 11:10:07'),('3a77f443-7779-4af1-a2ef-8823f94d9842','2026-03-15 11:04:31.035222','TGT-006','SPICE-250','2026-03-15 11:04:31'),('3b39fecd-fe11-4104-b0d4-dac6cc115e02','2026-03-15 11:09:13.277401','TGT-003','AGM-114 Hellfire','2026-03-15 11:09:13'),('3bc09c83-4f69-4fe9-bf9b-565ff0ebb920','2026-03-15 10:56:52.121610','TGT-009','Delilah Missile','2026-03-15 10:56:52'),('3d1247ad-7618-43ff-acc5-1ce914810645','2026-03-15 10:53:43.367761','TGT-012','Delilah Missile','2026-03-15 10:53:43'),('40f0ff23-b9bd-4571-9997-9122066f2a5b','2026-03-15 10:54:00.443098','TGT-002','Delilah Missile','2026-03-15 10:54:00'),('41ded1ce-aa1f-498b-a99a-4fb60010b8e1','2026-03-15 11:09:54.443563','TGT-012','SPICE-250','2026-03-15 11:09:54'),('41f208d4-027e-44cd-a23b-f12d1dcbbac1','2026-03-15 11:00:04.947047','TGT-009','GBU-39 SDB','2026-03-15 11:00:04'),('4396daa5-92bb-4ab4-a649-51efec4b0a58','2026-03-15 11:00:49.136283','TGT-001','Griffin LGM','2026-03-15 11:00:49'),('44a09337-16be-4ed4-b702-0f50f538fba1','2026-03-15 10:58:08.422116','TGT-008','GBU-39 SDB','2026-03-15 10:58:08'),('458169af-3999-4e53-94e2-b7679494a54b','2026-03-15 11:02:52.671128','TGT-015','Griffin LGM','2026-03-15 11:02:52'),('471f2848-d8ea-4f62-b82e-2444f415ae82','2026-03-15 11:05:58.382830','TGT-004','SPICE-250','2026-03-15 11:05:58'),('4a7ef604-cdc7-481a-b30f-a549b2b518dc','2026-03-15 11:08:19.048215','TGT-014','GBU-39 SDB','2026-03-15 11:08:19'),('4b4e5398-48ea-4e86-a6b0-0416c6acefa5','2026-03-15 11:08:22.060832','TGT-008','SPICE-250','2026-03-15 11:08:22'),('4cd1070b-fe4a-41d3-a628-8bb384603f12','2026-03-15 11:00:50.139457','TGT-010','Popeye AGM','2026-03-15 11:00:50'),('4e4e3ade-fc38-4434-ac22-d77fb210437f','2026-03-15 10:53:46.379278','TGT-010','SPICE-250','2026-03-15 10:53:46'),('4ff0c386-0e29-4fd2-8a04-b2e544ae1613','2026-03-15 11:05:20.233591','TGT-007','GBU-39 SDB','2026-03-15 11:05:20'),('512223b8-625b-4bd0-af47-0cbbf58f01ec','2026-03-15 10:58:33.535226','TGT-007','Popeye AGM','2026-03-15 10:58:33'),('51287577-183f-413f-8e49-ee318bb8ee2e','2026-03-15 10:58:39.566131','TGT-006','Delilah Missile','2026-03-15 10:58:39'),('544b1d91-0fde-4d69-802d-67551e2075d8','2026-03-15 11:11:02.700234','TGT-015','Popeye AGM','2026-03-15 11:11:02'),('550b6b6d-a21e-489b-97be-6b681a547aa5','2026-03-15 11:05:55.369958','TGT-009','GBU-39 SDB','2026-03-15 11:05:55'),('555cbcaf-faf1-43a3-9122-336ff7b4c773','2026-03-15 11:00:46.123532','TGT-UNKNOWN-130','GBU-39 SDB','2026-03-15 11:00:46'),('5632a655-4575-49fa-8061-91c8bcb1f1d7','2026-03-15 11:03:21.769159','TGT-005','AGM-114 Hellfire','2026-03-15 11:03:21'),('56595532-601e-42d2-85d9-2caf4917ab9b','2026-03-15 10:57:38.298879','TGT-003','Popeye AGM','2026-03-15 10:57:38'),('5b302a0b-e434-4ae4-8180-9182d1eb8e96','2026-03-15 11:06:13.439200','TGT-015','GBU-39 SDB','2026-03-15 11:06:13'),('5c69a7c7-caee-4734-b48a-bd13132fa12b','2026-03-15 11:00:29.045571','TGT-008','AGM-114 Hellfire','2026-03-15 11:00:29'),('5cc2f2d6-e386-47c6-b806-7e488161e4fa','2026-03-15 11:10:32.578431','TGT-UNKNOWN-596','Delilah Missile','2026-03-15 11:10:32'),('5f307904-1782-409a-b9eb-1b6700bebfac','2026-03-15 11:04:15.975792','TGT-004','AGM-114 Hellfire','2026-03-15 11:04:15'),('5ff276f6-9d4e-4b50-b942-0b1cd49d27b2','2026-03-15 10:57:06.182018','TGT-013','Griffin LGM','2026-03-15 10:57:06'),('60cd4212-1d6d-4e1e-ae69-c03d933b8548','2026-03-15 11:07:51.929008','TGT-004','GBU-39 SDB','2026-03-15 11:07:51'),('614a531e-9b3f-4bc5-a0a9-ebf6f6aee827','2026-03-15 11:09:32.353656','TGT-009','Popeye AGM','2026-03-15 11:09:32'),('6194104f-a3ee-44d2-bf47-dd04fd5178e6','2026-03-15 10:58:12.436094','TGT-004','Delilah Missile','2026-03-15 10:58:12'),('633d7f85-4ee3-4608-937c-6493ce346076','2026-03-15 10:59:59.923702','TGT-008','SPICE-250','2026-03-15 10:59:59'),('63d64db6-9f89-4aa6-a291-fa5518ccf38c','2026-03-15 11:04:03.928829','TGT-013','Delilah Missile','2026-03-15 11:04:03'),('645e6333-a8c0-4e2d-978d-f4acd9e5455d','2026-03-15 10:56:18.978210','TGT-003','Delilah Missile','2026-03-15 10:56:18'),('64b8fb3c-7262-4f20-829f-52f24895716b','2026-03-15 10:59:44.854111','TGT-014','AGM-114 Hellfire','2026-03-15 10:59:44'),('662dc3b4-8cf8-4270-8cdb-310e39507ac2','2026-03-15 11:08:52.189456','TGT-007','Delilah Missile','2026-03-15 11:08:52'),('66c1c3db-2f26-489f-a660-cf9d0b6e0ee4','2026-03-15 10:55:13.740593','TGT-009','Popeye AGM','2026-03-15 10:55:13'),('6733dcc2-a7a7-4c13-865c-a4e457e6fb26','2026-03-15 10:59:29.792737','TGT-006','Griffin LGM','2026-03-15 10:59:29'),('67a0241f-198b-4449-b708-b2795ce09c22','2026-03-15 11:06:12.434745','TGT-004','GBU-39 SDB','2026-03-15 11:06:12'),('67e52661-2351-4dc3-814d-8414d83a59c9','2026-03-15 10:54:07.475867','TGT-001','SPICE-250','2026-03-15 10:54:07'),('68a8d1f6-e046-405d-8b2d-15b4c7e37de2','2026-03-15 11:11:03.703510','TGT-015','SPICE-250','2026-03-15 11:11:03'),('695dfc4b-e131-4a6f-8114-c2e91a4fc4f7','2026-03-15 11:04:54.129378','TGT-007','Popeye AGM','2026-03-15 11:04:54'),('6a8728c9-37f0-4fd4-b5aa-3844c7f37ff6','2026-03-15 10:55:40.838665','TGT-011','Popeye AGM','2026-03-15 10:55:40'),('6bd09e4f-7499-4e34-85c2-7fd80aa72333','2026-03-15 11:04:43.081774','TGT-009','SPICE-250','2026-03-15 11:04:43'),('6cddc4d4-ccde-4f78-bb20-cdf876140d05','2026-03-15 10:54:46.630868','TGT-014','Delilah Missile','2026-03-15 10:54:46'),('6d08f06b-adc2-4b6b-9284-df2455b21584','2026-03-15 10:57:35.289440','TGT-010','Griffin LGM','2026-03-15 10:57:35'),('6ebc927a-210e-405a-9558-1ae1040d0346','2026-03-15 11:05:15.212870','TGT-007','AGM-114 Hellfire','2026-03-15 11:05:15'),('6ef53a13-7b65-4c15-a0c1-582f81d11c08','2026-03-15 10:58:19.467527','TGT-010','Popeye AGM','2026-03-15 10:58:19'),('73c3edd5-32bd-4d58-bc0b-8915ec03af90','2026-03-15 11:07:41.879630','TGT-009','GBU-39 SDB','2026-03-15 11:07:41'),('7699a0fd-51a5-4568-88c5-3486cbf5418f','2026-03-15 10:53:39.355442','TGT-004','Delilah Missile','2026-03-15 10:53:39'),('774cb2e2-e901-4aee-9010-4bc041de7866','2026-03-15 10:57:44.323556','TGT-007','AGM-114 Hellfire','2026-03-15 10:57:44'),('7aa6fc7a-3a60-4c0b-b0a7-a32a0c6d40b3','2026-03-15 11:05:11.197017','TGT-001','Delilah Missile','2026-03-15 11:05:11'),('7b980992-724e-4010-bff9-647ddbaaf2dc','2026-03-15 11:02:21.543180','TGT-001','Griffin LGM','2026-03-15 11:02:21'),('7c5634f8-4d62-41d7-ba6f-865eadcb6ec9','2026-03-15 11:08:25.076456','TGT-004','SPICE-250','2026-03-15 11:08:25'),('7d0a99f3-8b15-4260-b21c-ffe8d4f4453a','2026-03-15 10:54:37.600998','TGT-UNKNOWN-921','SPICE-250','2026-03-15 10:54:37'),('809dbcce-42bf-4ddd-a2a7-1c14f4680511','2026-03-15 11:03:31.797360','TGT-005','Popeye AGM','2026-03-15 11:03:31'),('83026ee0-ee5f-4653-a834-f31e0b946c57','2026-03-15 10:57:50.344409','TGT-015','Delilah Missile','2026-03-15 10:57:50'),('8415e0e3-2c63-4840-89ee-e86515218f92','2026-03-15 10:57:49.338567','TGT-006','GBU-39 SDB','2026-03-15 10:57:49'),('858e2376-5386-426a-831e-f7463f0e92a2','2026-03-15 10:55:59.905556','TGT-001','Delilah Missile','2026-03-15 10:55:59'),('869a7b9b-e979-4c54-b6b0-36991ef40b28','2026-03-15 11:01:05.209172','TGT-004','AGM-114 Hellfire','2026-03-15 11:01:05'),('88345427-3faa-4fae-85ce-f3647651f804','2026-03-15 10:54:47.634706','TGT-006','SPICE-250','2026-03-15 10:54:47'),('8a9ccf11-5634-4e64-b589-4e41c84ab470','2026-03-15 11:01:08.224910','TGT-UNKNOWN-259','SPICE-250','2026-03-15 11:01:08'),('8c4ab13b-5524-4226-b33f-3c834554aede','2026-03-15 11:06:20.467009','TGT-003','Griffin LGM','2026-03-15 11:06:20'),('8d25751b-3826-4f90-b133-071056ed4e32','2026-03-15 11:09:58.458465','TGT-013','Griffin LGM','2026-03-15 11:09:58'),('8d5e7198-b11e-49b7-9fa2-5b23683515bc','2026-03-15 11:06:55.628683','TGT-006','AGM-114 Hellfire','2026-03-15 11:07:04'),('8d63738f-4a0c-4ba8-86b9-9adcfbc0a14c','2026-03-15 11:10:51.660496','TGT-012','SPICE-250','2026-03-15 11:10:51'),('8f14a4f4-46b5-4701-bbd8-6f200a4006fe','2026-03-15 11:06:03.401401','TGT-UNKNOWN-842','Griffin LGM','2026-03-15 11:06:03'),('8f4fd988-a598-4a28-9534-2ef33bc385f3','2026-03-15 11:01:41.355988','TGT-009','Delilah Missile','2026-03-15 11:01:41'),('9159bff3-3a6b-4904-b6f1-8a7ad866da49','2026-03-15 10:54:10.492225','TGT-008','Popeye AGM','2026-03-15 10:54:10'),('95236b9f-bc44-44b8-98ab-9a10ace005ee','2026-03-15 10:59:21.755453','TGT-UNKNOWN-108','Delilah Missile','2026-03-15 10:59:21'),('965053d6-5d47-4352-9d4e-b95e2081f704','2026-03-15 11:08:46.165130','TGT-008','Griffin LGM','2026-03-15 11:08:46'),('973042bb-ef7d-4127-b463-bd997f1daf86','2026-03-15 11:00:59.183607','TGT-005','Griffin LGM','2026-03-15 11:00:59'),('9936ff72-1c70-4e1d-99e3-aaf7fd0fe3be','2026-03-15 10:57:55.361049','TGT-013','GBU-39 SDB','2026-03-15 10:57:55'),('9c9589ab-83c7-423f-921b-a23e5505bf61','2026-03-15 11:06:48.599454','TGT-008','Griffin LGM','2026-03-15 11:06:48'),('9ef2de2a-adab-4c7d-a8f7-2f2c28c80bf5','2026-03-15 11:04:17.980636','TGT-006','GBU-39 SDB','2026-03-15 11:04:17'),('9fa0cda9-3ccb-4e02-94f5-cdf55e560af3','2026-03-15 10:55:56.894965','TGT-009','AGM-114 Hellfire','2026-03-15 10:55:56'),('9fe39354-c153-4316-9c9e-738d48b3ec3e','2026-03-15 11:03:22.771409','TGT-008','Griffin LGM','2026-03-15 11:03:22'),('a03f999d-2021-4b22-a3ef-9252e6682ffa','2026-03-15 10:57:58.375518','TGT-010','Delilah Missile','2026-03-15 10:57:58'),('a1480666-519a-418d-8e6e-e502731d3ff6','2026-03-15 10:53:28.895083','TGT-009','Delilah Missile','2026-03-15 10:53:34'),('a38aad3a-89f2-4b3f-813a-f4313e9108c3','2026-03-15 10:57:24.243954','TGT-013','AGM-114 Hellfire','2026-03-15 10:57:24'),('a3cbed25-d888-4aa2-8b9a-10c06ed6326b','2026-03-15 10:59:52.892291','TGT-003','GBU-39 SDB','2026-03-15 10:59:52'),('a4da02aa-bb23-4741-a8ae-d1f308a81d61','2026-03-15 10:54:57.682919','TGT-014','AGM-114 Hellfire','2026-03-15 10:54:57'),('a55e8fab-b719-4cde-b128-e1614aa18c14','2026-03-15 11:02:18.528324','TGT-014','GBU-39 SDB','2026-03-15 11:02:18'),('a5d21ed1-51c5-4dab-8c44-9c82642799b1','2026-03-15 11:08:44.154030','TGT-005','Popeye AGM','2026-03-15 11:08:44'),('a605ec25-1f0d-4b60-bed7-255be6fd8a8e','2026-03-15 11:08:24.071865','TGT-003','AGM-114 Hellfire','2026-03-15 11:08:24'),('a7b95e80-941a-4d92-962b-28ac114c4948','2026-03-15 11:06:21.472960','TGT-014','SPICE-250','2026-03-15 11:06:21'),('a8043548-81e8-4a7f-9f3e-253c90254109','2026-03-15 11:05:09.189288','TGT-UNKNOWN-509','AGM-114 Hellfire','2026-03-15 11:05:09'),('a8d1d29a-c91b-4b39-a633-9ce7ad97e617','2026-03-15 10:53:36.341492','TGT-011','GBU-39 SDB','2026-03-15 10:53:36'),('ab54f77b-b819-45f4-8503-224bf4facf23','2026-03-15 11:04:01.921204','TGT-012','GBU-39 SDB','2026-03-15 11:04:01'),('ae67fd7a-cb7e-40d8-929b-364d5f19d97e','2026-03-15 10:55:14.743958','TGT-001','GBU-39 SDB','2026-03-15 10:55:14'),('aea6c72d-116d-404c-a2e3-7d8925aa6beb','2026-03-15 11:05:12.200808','TGT-010','Popeye AGM','2026-03-15 11:05:12'),('af9e0eec-d4b6-43aa-9f93-c3365ad7caff','2026-03-15 10:55:20.767532','TGT-007','Popeye AGM','2026-03-15 10:55:20'),('b0109d7b-226a-493c-a5c9-62ce62e5f335','2026-03-15 10:58:14.445336','TGT-008','Delilah Missile','2026-03-15 10:58:14'),('b1d5f3f6-3b27-42b1-9189-fe4f3790d52a','2026-03-15 11:06:10.429734','TGT-008','Griffin LGM','2026-03-15 11:06:10'),('b4065881-03b8-4e2b-b3d5-ef3d9ba7e540','2026-03-15 10:56:04.930026','TGT-UNKNOWN-176','Griffin LGM','2026-03-15 10:56:04'),('b6542beb-af76-4418-973d-440bb6b7a872','2026-03-15 11:06:00.390973','TGT-008','SPICE-250','2026-03-15 11:06:00'),('b695d84d-2423-4755-9691-b76933c4d4af','2026-03-15 10:54:43.619858','TGT-014','Griffin LGM','2026-03-15 10:54:43'),('b744586a-1e43-41b6-b612-947003ce31ab','2026-03-15 10:55:52.883673','TGT-009','SPICE-250','2026-03-15 10:55:52'),('b841246d-9dae-4f83-a17e-bfbf43affffa','2026-03-15 11:09:19.299337','TGT-015','Delilah Missile','2026-03-15 11:09:19'),('b8aa86eb-a751-41c3-baac-6c10fb2270dc','2026-03-15 10:59:49.878228','TGT-004','AGM-114 Hellfire','2026-03-15 10:59:49'),('b9920155-5a8c-4318-92fd-31e622fee78c','2026-03-15 11:02:34.599837','TGT-013','Popeye AGM','2026-03-15 11:02:34'),('ba99e43f-e372-4341-a687-06660dbbffbb','2026-03-15 11:08:51.184706','TGT-015','Griffin LGM','2026-03-15 11:08:51'),('bee1adda-0ae2-412c-9bdf-40a6fdc2ee9d','2026-03-15 11:02:57.685942','TGT-001','Popeye AGM','2026-03-15 11:02:57'),('c40aedda-f4bf-4f40-b6a1-a6b192502a7c','2026-03-15 11:01:26.289119','TGT-006','GBU-39 SDB','2026-03-15 11:01:26'),('c619cf4c-4bb9-4676-a970-03047f84343f','2026-03-15 10:55:25.783721','TGT-003','Delilah Missile','2026-03-15 10:55:25'),('c6334403-bb6e-4c06-b9df-c078fa8a1945','2026-03-15 11:01:59.437261','TGT-004','AGM-114 Hellfire','2026-03-15 11:01:59'),('c67dfa86-4fb8-4773-a033-2fca55112359','2026-03-15 10:54:30.570735','TGT-003','AGM-114 Hellfire','2026-03-15 10:54:30'),('c72143f0-7ef4-463a-841c-63bad43ee899','2026-03-15 11:01:39.344624','TGT-011','GBU-39 SDB','2026-03-15 11:01:39'),('c79c4a9d-6fd8-4301-8ce8-d1e91417e6d7','2026-03-15 11:08:18.045248','TGT-003','GBU-39 SDB','2026-03-15 11:08:18'),('c8059e0d-3e85-4853-9a1e-b55a09ae1210','2026-03-15 11:11:01.696458','TGT-007','Delilah Missile','2026-03-15 11:11:01'),('c861711c-5f23-44a9-b7af-917f552639e4','2026-03-15 11:05:05.176461','TGT-009','SPICE-250','2026-03-15 11:05:05'),('c910933b-567b-453d-bcfc-20a7a20ed688','2026-03-15 11:00:42.111943','TGT-011','SPICE-250','2026-03-15 11:00:42'),('c9474dd7-ff1d-436c-af6f-f6669555b02c','2026-03-15 11:09:05.246448','TGT-014','GBU-39 SDB','2026-03-15 11:09:05'),('ca92be42-7834-45e6-ac5a-6f9a281e5dba','2026-03-15 10:56:26.006768','TGT-001','AGM-114 Hellfire','2026-03-15 10:56:26'),('caa46dd5-f374-48c9-b055-01d32be130d1','2026-03-15 10:55:43.851199','TGT-002','SPICE-250','2026-03-15 10:55:43'),('cbe3819b-9568-475b-bf17-e786714a7124','2026-03-15 10:55:30.798431','TGT-003','GBU-39 SDB','2026-03-15 10:55:30'),('cc1be31d-1f0f-42e6-82a5-bed56eaa1175','2026-03-15 11:08:15.028965','TGT-012','Popeye AGM','2026-03-15 11:08:15'),('cde73b91-e140-47c4-b9ff-15546044607a','2026-03-15 11:09:02.236081','TGT-001','SPICE-250','2026-03-15 11:09:02'),('ce81cc77-456d-4c30-9957-4c0ea211a5a0','2026-03-15 11:10:18.534777','TGT-008','Delilah Missile','2026-03-15 11:10:18'),('d0b9fb81-1da5-4c12-80b4-1842749a9ea4','2026-03-15 11:03:37.815408','TGT-009','GBU-39 SDB','2026-03-15 11:03:37'),('d111ec9b-0f38-41d1-b221-7e0583bb0a38','2026-03-15 10:57:26.248870','TGT-006','GBU-39 SDB','2026-03-15 10:57:26'),('d2bc14f1-ac42-462d-98b8-835294166db3','2026-03-15 10:53:42.365755','TGT-007','AGM-114 Hellfire','2026-03-15 10:53:42'),('d3be0749-b7f6-42e1-aff9-636572b067db','2026-03-15 11:08:27.081206','TGT-005','SPICE-250','2026-03-15 11:08:27'),('d3dadfa1-7dec-40ae-82c8-26c99853fbbd','2026-03-15 11:07:58.954823','TGT-015','Griffin LGM','2026-03-15 11:07:58'),('d45808ad-d131-4097-a39d-af6c42f1555b','2026-03-15 11:06:05.409752','TGT-009','Griffin LGM','2026-03-15 11:06:05'),('d5f633f2-10c7-455a-8adb-3f6cce38c89e','2026-03-15 10:57:45.327153','TGT-012','Popeye AGM','2026-03-15 10:57:45'),('d7a9b28d-3d25-4988-8089-514cc70f419c','2026-03-15 11:10:28.562222','TGT-005','SPICE-250','2026-03-15 11:10:28'),('d7dd9736-3913-4d40-abfd-2ce8d6df6ddd','2026-03-15 11:02:03.453246','TGT-001','Popeye AGM','2026-03-15 11:02:03'),('d84ee8f4-f4db-4033-b37d-99da5a4e2aa4','2026-03-15 11:08:29.092581','TGT-005','Popeye AGM','2026-03-15 11:08:29'),('d8d792a2-796a-4c00-9d5e-c17b3e832479','2026-03-15 11:10:59.693135','TGT-012','Popeye AGM','2026-03-15 11:10:59'),('d97c065f-1087-4e5e-a4fd-346e678de1ae','2026-03-15 11:01:45.370203','TGT-010','GBU-39 SDB','2026-03-15 11:01:45'),('d9a6689c-2e4a-4616-83bc-6fa17fb5fc81','2026-03-15 11:00:25.030841','TGT-012','Griffin LGM','2026-03-15 11:00:25'),('dac471f9-31d5-42ae-9935-db079dc1baff','2026-03-15 10:59:57.915045','TGT-015','AGM-114 Hellfire','2026-03-15 10:59:57'),('db4aff6b-2faf-4127-8451-85323d270b67','2026-03-15 11:03:28.787341','TGT-008','Griffin LGM','2026-03-15 11:03:28'),('db78874f-4882-4281-9430-940c7c9035cd','2026-03-15 10:59:34.813065','TGT-UNKNOWN-696','Delilah Missile','2026-03-15 10:59:34'),('dba01dcb-4360-4d58-9a54-f2b8126fb2f2','2026-03-15 10:56:14.966009','TGT-005','Popeye AGM','2026-03-15 10:56:14'),('dc26379c-ab2b-4b45-8960-a4dcb11f8ed0','2026-03-15 11:07:27.821839','TGT-014','Popeye AGM','2026-03-15 11:07:27'),('de84ff06-7e29-45c4-bc8e-9d0ded79fc30','2026-03-15 11:08:36.123220','TGT-005','Delilah Missile','2026-03-15 11:08:36'),('deb475c4-e0a6-4a64-91f0-3fa98efdfdcf','2026-03-15 11:01:34.322576','TGT-006','Popeye AGM','2026-03-15 11:01:34'),('deca4b72-7555-4f2a-8546-9d765e81d174','2026-03-15 11:03:43.839224','TGT-011','Popeye AGM','2026-03-15 11:03:43'),('e02fb4c0-8271-4168-a0e7-71d759fc7ea0','2026-03-15 11:01:30.307723','TGT-007','Delilah Missile','2026-03-15 11:01:30'),('e0a5195c-7af8-4102-b6c0-b7ec7be1311f','2026-03-15 10:59:16.735928','TGT-015','SPICE-250','2026-03-15 10:59:16'),('e107a97f-2a6a-4391-8a23-29294660e581','2026-03-15 11:01:03.198380','TGT-011','SPICE-250','2026-03-15 11:01:03'),('e2b67819-3bdb-4bbd-bae9-b602858bed48','2026-03-15 11:10:40.608886','TGT-013','Delilah Missile','2026-03-15 11:10:40'),('e7533028-c95e-4e11-833e-9237186dbebb','2026-03-15 10:54:33.582448','TGT-007','Delilah Missile','2026-03-15 10:54:33'),('e8701dbc-b1ac-460b-92de-4ee098c877e2','2026-03-15 11:08:10.006814','TGT-002','Popeye AGM','2026-03-15 11:08:10'),('e8d6fa70-542f-4bb9-9220-52cc88e748e9','2026-03-15 10:55:37.825114','TGT-005','Popeye AGM','2026-03-15 10:55:37'),('e939d3de-b09c-42f1-a0c8-b830d6c56777','2026-03-15 11:00:35.076530','TGT-001','SPICE-250','2026-03-15 11:00:35'),('ea1f95a8-dcee-4876-8727-5c3fe82978b8','2026-03-15 10:58:22.482990','TGT-014','SPICE-250','2026-03-15 10:58:22'),('ec5844dd-20a7-4468-8a0c-19a98034f328','2026-03-15 10:54:11.496370','TGT-007','Delilah Missile','2026-03-15 10:54:11'),('ecf0de63-f3d7-4793-9a40-3e39ebbb5143','2026-03-15 11:10:35.589947','TGT-008','Delilah Missile','2026-03-15 11:10:35'),('ede1ddd7-2fbd-4de8-9180-cd76303dc39c','2026-03-15 10:54:31.576661','TGT-003','Popeye AGM','2026-03-15 10:54:31'),('ef9b3915-a851-4fff-970a-81020f71c8da','2026-03-15 11:04:53.124857','TGT-008','GBU-39 SDB','2026-03-15 11:04:53'),('efc07b73-f0fc-42a5-b1ef-4dc4142713e8','2026-03-15 11:03:54.888523','TGT-015','Popeye AGM','2026-03-15 11:03:54'),('f08fa512-b143-4f81-8166-67732bd84fdf','2026-03-15 11:02:54.676570','TGT-013','GBU-39 SDB','2026-03-15 11:02:54'),('f135062c-3f89-4dff-8404-021d73f0dbc1','2026-03-15 11:02:27.567788','TGT-015','SPICE-250','2026-03-15 11:02:27'),('f2ac5791-7d06-4a65-bfd2-ad9c9ca471d4','2026-03-15 10:55:46.858556','TGT-012','Delilah Missile','2026-03-15 10:55:46'),('f4408092-0c41-4b8c-b552-51b7940bdf46','2026-03-15 11:10:17.532943','TGT-011','GBU-39 SDB','2026-03-15 11:10:17'),('f5be4894-b172-4e3d-be3d-d1431f9cb43f','2026-03-15 11:04:14.973446','TGT-UNKNOWN-573','SPICE-250','2026-03-15 11:04:14'),('f8c67113-6597-4bf2-8c1d-3cfb7b16c831','2026-03-15 10:58:02.394982','TGT-010','SPICE-250','2026-03-15 10:58:02'),('fb9905a5-6154-4332-af65-7f1587d54368','2026-03-15 10:54:14.507045','TGT-010','GBU-39 SDB','2026-03-15 10:54:14'),('fc5538ab-1a00-4eac-b5bf-9428ea003478','2026-03-15 10:55:38.830191','TGT-004','Popeye AGM','2026-03-15 10:55:38'),('fe5661f3-a61c-4775-94ab-d6fd2115a7f7','2026-03-15 11:05:39.306170','TGT-015','Popeye AGM','2026-03-15 11:05:39'),('fec3deee-685c-4a09-9a1a-d21415351b8a','2026-03-15 11:00:38.092553','TGT-015','Popeye AGM','2026-03-15 11:00:38');
/*!40000 ALTER TABLE `attacks` ENABLE KEYS */;
UNLOCK TABLES;

--
-- Table structure for table `damage_assessments`
--

DROP TABLE IF EXISTS `damage_assessments`;
/*!40101 SET @saved_cs_client     = @@character_set_client */;
/*!50503 SET character_set_client = utf8mb4 */;
CREATE TABLE `damage_assessments` (
  `id` int NOT NULL AUTO_INCREMENT,
  `timestamp` datetime(6) NOT NULL,
  `attack_id` varchar(36) NOT NULL,
  `entity_id` varchar(50) NOT NULL,
  `result` enum('destroyed','damaged','no_damage') NOT NULL,
  `created_at` timestamp NULL DEFAULT CURRENT_TIMESTAMP,
  PRIMARY KEY (`id`),
  KEY `idx_attack_id` (`attack_id`),
  KEY `idx_entity_id` (`entity_id`),
  KEY `idx_timestamp` (`timestamp`)
) ENGINE=InnoDB AUTO_INCREMENT=115 DEFAULT CHARSET=utf8mb4 COLLATE=utf8mb4_0900_ai_ci;
/*!40101 SET character_set_client = @saved_cs_client */;

--
-- Dumping data for table `damage_assessments`
--

LOCK TABLES `damage_assessments` WRITE;
/*!40000 ALTER TABLE `damage_assessments` DISABLE KEYS */;
INSERT INTO `damage_assessments` VALUES (1,'2026-03-15 10:53:34.326967','a1480666-519a-418d-8e6e-e502731d3ff6','TGT-009','destroyed','2026-03-15 10:53:34'),(2,'2026-03-15 10:54:08.481199','a1480666-519a-418d-8e6e-e502731d3ff6','TGT-009','no_damage','2026-03-15 10:54:08'),(3,'2026-03-15 10:54:09.486497','40f0ff23-b9bd-4571-9997-9122066f2a5b','TGT-002','no_damage','2026-03-15 10:54:09'),(4,'2026-03-15 10:54:15.508870','fb9905a5-6154-4332-af65-7f1587d54368','TGT-010','no_damage','2026-03-15 10:54:15'),(5,'2026-03-15 10:54:20.531804','1b929014-f4af-4e91-8012-078f83471be2','TGT-UNKNOWN-189','destroyed','2026-03-15 10:54:20'),(6,'2026-03-15 10:55:10.728024','88345427-3faa-4fae-85ce-f3647651f804','TGT-006','damaged','2026-03-15 10:55:10'),(7,'2026-03-15 10:55:27.789157','fb9905a5-6154-4332-af65-7f1587d54368','TGT-010','destroyed','2026-03-15 10:55:27'),(8,'2026-03-15 10:55:44.853225','ae67fd7a-cb7e-40d8-929b-364d5f19d97e','TGT-001','destroyed','2026-03-15 10:55:44'),(9,'2026-03-15 10:56:10.948522','0ec70ac4-73ae-4044-a199-7846ff6e593a','TGT-014','no_damage','2026-03-15 10:56:10'),(10,'2026-03-15 10:56:11.951797','b4065881-03b8-4e2b-b3d5-ef3d9ba7e540','TGT-UNKNOWN-176','no_damage','2026-03-15 10:56:11'),(11,'2026-03-15 10:56:12.957372','ATTACK-FAKE-189','TGT-012','damaged','2026-03-15 10:56:12'),(12,'2026-03-15 10:56:21.990513','ATTACK-FAKE-258','TGT-008','destroyed','2026-03-15 10:56:21'),(13,'2026-03-15 10:56:29.022828','a4da02aa-bb23-4741-a8ae-d1f308a81d61','TGT-014','destroyed','2026-03-15 10:56:29'),(14,'2026-03-15 10:56:32.031663','4e4e3ade-fc38-4434-ac22-d77fb210437f','TGT-010','damaged','2026-03-15 10:56:32'),(15,'2026-03-15 10:56:35.043305','b4065881-03b8-4e2b-b3d5-ef3d9ba7e540','TGT-UNKNOWN-176','no_damage','2026-03-15 10:56:35'),(16,'2026-03-15 10:57:08.187823','ae67fd7a-cb7e-40d8-929b-364d5f19d97e','TGT-001','destroyed','2026-03-15 10:57:08'),(17,'2026-03-15 10:57:21.236057','229933cd-64b5-4b86-8ffb-746b7c8b5749','TGT-014','no_damage','2026-03-15 10:57:21'),(18,'2026-03-15 10:57:22.240443','7d0a99f3-8b15-4260-b21c-ffe8d4f4453a','TGT-UNKNOWN-921','damaged','2026-03-15 10:57:22'),(19,'2026-03-15 10:57:32.272100','e8d6fa70-542f-4bb9-9220-52cc88e748e9','TGT-005','damaged','2026-03-15 10:57:32'),(20,'2026-03-15 10:57:37.297090','a4da02aa-bb23-4741-a8ae-d1f308a81d61','TGT-014','destroyed','2026-03-15 10:57:37'),(21,'2026-03-15 10:57:46.329867','9159bff3-3a6b-4904-b6f1-8a7ad866da49','TGT-008','destroyed','2026-03-15 10:57:46'),(22,'2026-03-15 10:57:56.366324','88345427-3faa-4fae-85ce-f3647651f804','TGT-006','destroyed','2026-03-15 10:57:56'),(23,'2026-03-15 10:57:57.371933','28ae09f9-b6e9-4c40-b44f-b7735e9ab26b','TGT-014','damaged','2026-03-15 10:57:57'),(24,'2026-03-15 10:58:03.399515','fc5538ab-1a00-4eac-b5bf-9428ea003478','TGT-004','no_damage','2026-03-15 10:58:03'),(25,'2026-03-15 10:58:07.416433','121f5b3b-5cb0-4f79-b185-df6d8b04cfb4','TGT-014','destroyed','2026-03-15 10:58:07'),(26,'2026-03-15 10:58:24.494325','7d0a99f3-8b15-4260-b21c-ffe8d4f4453a','TGT-UNKNOWN-921','no_damage','2026-03-15 10:58:24'),(27,'2026-03-15 10:58:30.519364','40f0ff23-b9bd-4571-9997-9122066f2a5b','TGT-002','destroyed','2026-03-15 10:58:30'),(28,'2026-03-15 10:58:34.542270','f8c67113-6597-4bf2-8c1d-3cfb7b16c831','TGT-010','damaged','2026-03-15 10:58:34'),(29,'2026-03-15 10:58:38.559382','a38aad3a-89f2-4b3f-813a-f4313e9108c3','TGT-013','damaged','2026-03-15 10:58:38'),(30,'2026-03-15 10:58:42.582101','ede1ddd7-2fbd-4de8-9180-cd76303dc39c','TGT-003','destroyed','2026-03-15 10:58:42'),(31,'2026-03-15 10:59:01.663760','ec5844dd-20a7-4468-8a0c-19a98034f328','TGT-007','no_damage','2026-03-15 10:59:01'),(32,'2026-03-15 10:59:09.695418','345dd951-2268-48f0-b604-43f45ef6e462','TGT-014','destroyed','2026-03-15 10:59:09'),(33,'2026-03-15 10:59:10.701212','9159bff3-3a6b-4904-b6f1-8a7ad866da49','TGT-008','no_damage','2026-03-15 10:59:10'),(34,'2026-03-15 10:59:13.719401','229933cd-64b5-4b86-8ffb-746b7c8b5749','TGT-014','no_damage','2026-03-15 10:59:13'),(35,'2026-03-15 10:59:50.883533','b0109d7b-226a-493c-a5c9-62ce62e5f335','TGT-008','no_damage','2026-03-15 10:59:50'),(36,'2026-03-15 10:59:51.889454','e0a5195c-7af8-4102-b6c0-b7ec7be1311f','TGT-015','destroyed','2026-03-15 10:59:51'),(37,'2026-03-15 10:59:54.900524','b744586a-1e43-41b6-b612-947003ce31ab','TGT-009','destroyed','2026-03-15 10:59:54'),(38,'2026-03-15 11:00:02.935976','fc5538ab-1a00-4eac-b5bf-9428ea003478','TGT-004','no_damage','2026-03-15 11:00:02'),(39,'2026-03-15 11:00:05.948915','e7533028-c95e-4e11-833e-9237186dbebb','TGT-007','destroyed','2026-03-15 11:00:05'),(40,'2026-03-15 11:00:08.961911','b4065881-03b8-4e2b-b3d5-ef3d9ba7e540','TGT-UNKNOWN-176','no_damage','2026-03-15 11:00:08'),(41,'2026-03-15 11:00:24.024922','d2bc14f1-ac42-462d-98b8-835294166db3','TGT-007','no_damage','2026-03-15 11:00:24'),(42,'2026-03-15 11:00:33.064269','5ff276f6-9d4e-4b50-b942-0b1cd49d27b2','TGT-013','damaged','2026-03-15 11:00:33'),(43,'2026-03-15 11:00:41.105235','caa46dd5-f374-48c9-b055-01d32be130d1','TGT-002','no_damage','2026-03-15 11:00:41'),(44,'2026-03-15 11:00:58.177669','b744586a-1e43-41b6-b612-947003ce31ab','TGT-009','destroyed','2026-03-15 11:00:58'),(45,'2026-03-15 11:01:02.195570','af9e0eec-d4b6-43aa-9f93-c3365ad7caff','TGT-007','destroyed','2026-03-15 11:01:02'),(46,'2026-03-15 11:01:04.202530','11c97932-9d96-43c5-8270-d1197cd38570','TGT-002','no_damage','2026-03-15 11:01:04'),(47,'2026-03-15 11:01:07.221812','869a7b9b-e979-4c54-b6b0-36991ef40b28','TGT-004','no_damage','2026-03-15 11:01:07'),(48,'2026-03-15 11:01:10.231883','b0109d7b-226a-493c-a5c9-62ce62e5f335','TGT-008','damaged','2026-03-15 11:01:10'),(49,'2026-03-15 11:01:12.239454','6a8728c9-37f0-4fd4-b5aa-3844c7f37ff6','TGT-011','no_damage','2026-03-15 11:01:12'),(50,'2026-03-15 11:01:32.313026','1f09f4aa-48f5-4919-afc0-7e5980cc8327','TGT-007','no_damage','2026-03-15 11:01:32'),(51,'2026-03-15 11:01:51.402035','6d08f06b-adc2-4b6b-9284-df2455b21584','TGT-010','destroyed','2026-03-15 11:01:51'),(52,'2026-03-15 11:02:01.442630','7699a0fd-51a5-4568-88c5-3486cbf5418f','TGT-004','destroyed','2026-03-15 11:02:01'),(53,'2026-03-15 11:02:11.499058','ATTACK-FAKE-190','TGT-015','destroyed','2026-03-15 11:02:11'),(54,'2026-03-15 11:02:15.514768','6194104f-a3ee-44d2-bf47-dd04fd5178e6','TGT-004','no_damage','2026-03-15 11:02:15'),(55,'2026-03-15 11:02:23.551157','51287577-183f-413f-8e49-ee318bb8ee2e','TGT-006','damaged','2026-03-15 11:02:23'),(56,'2026-03-15 11:02:25.560828','e7533028-c95e-4e11-833e-9237186dbebb','TGT-007','destroyed','2026-03-15 11:02:25'),(57,'2026-03-15 11:02:30.580798','19797ad3-edb1-49be-b20c-45b67a761e67','TGT-015','destroyed','2026-03-15 11:02:30'),(58,'2026-03-15 11:02:31.584357','2a812bb3-a4dd-4b11-a8d3-c5df2cf6e697','TGT-003','no_damage','2026-03-15 11:02:31'),(59,'2026-03-15 11:02:33.595488','56595532-601e-42d2-85d9-2caf4917ab9b','TGT-003','no_damage','2026-03-15 11:02:33'),(60,'2026-03-15 11:02:40.630190','9936ff72-1c70-4e1d-99e3-aaf7fd0fe3be','TGT-013','damaged','2026-03-15 11:02:40'),(61,'2026-03-15 11:02:42.637022','555cbcaf-faf1-43a3-9122-336ff7b4c773','TGT-UNKNOWN-130','destroyed','2026-03-15 11:02:42'),(62,'2026-03-15 11:03:01.701280','ATTACK-FAKE-368','TGT-006','no_damage','2026-03-15 11:03:01'),(63,'2026-03-15 11:03:07.717158','caa46dd5-f374-48c9-b055-01d32be130d1','TGT-002','destroyed','2026-03-15 11:03:07'),(64,'2026-03-15 11:03:11.732869','5ff276f6-9d4e-4b50-b942-0b1cd49d27b2','TGT-013','no_damage','2026-03-15 11:03:11'),(65,'2026-03-15 11:03:33.802839','ATTACK-FAKE-760','TGT-006','destroyed','2026-03-15 11:03:33'),(66,'2026-03-15 11:03:48.859813','774cb2e2-e901-4aee-9010-4bc041de7866','TGT-007','damaged','2026-03-15 11:03:48'),(67,'2026-03-15 11:03:56.895656','11c97932-9d96-43c5-8270-d1197cd38570','TGT-002','destroyed','2026-03-15 11:03:56'),(68,'2026-03-15 11:04:02.926727','d2bc14f1-ac42-462d-98b8-835294166db3','TGT-007','no_damage','2026-03-15 11:04:02'),(69,'2026-03-15 11:04:11.962368','ea1f95a8-dcee-4876-8727-5c3fe82978b8','TGT-014','damaged','2026-03-15 11:04:11'),(70,'2026-03-15 11:04:16.976943','ec5844dd-20a7-4468-8a0c-19a98034f328','TGT-007','no_damage','2026-03-15 11:04:16'),(71,'2026-03-15 11:04:21.996367','b4065881-03b8-4e2b-b3d5-ef3d9ba7e540','TGT-UNKNOWN-176','destroyed','2026-03-15 11:04:22'),(72,'2026-03-15 11:04:36.057362','66c1c3db-2f26-489f-a660-cf9d0b6e0ee4','TGT-009','damaged','2026-03-15 11:04:36'),(73,'2026-03-15 11:04:44.085125','121f5b3b-5cb0-4f79-b185-df6d8b04cfb4','TGT-014','no_damage','2026-03-15 11:04:44'),(74,'2026-03-15 11:04:51.115627','278b8970-d5f9-4db3-a698-90a863d39968','TGT-006','destroyed','2026-03-15 11:04:51'),(75,'2026-03-15 11:04:55.133497','fec3deee-685c-4a09-9a1a-d21415351b8a','TGT-015','no_damage','2026-03-15 11:04:55'),(76,'2026-03-15 11:05:00.155569','c6334403-bb6e-4c06-b9df-c078fa8a1945','TGT-004','damaged','2026-03-15 11:05:00'),(77,'2026-03-15 11:05:10.194736','41f208d4-027e-44cd-a23b-f12d1dcbbac1','TGT-009','destroyed','2026-03-15 11:05:10'),(78,'2026-03-15 11:05:13.204032','40f0ff23-b9bd-4571-9997-9122066f2a5b','TGT-002','destroyed','2026-03-15 11:05:13'),(79,'2026-03-15 11:05:23.244078','18ac549d-6185-4899-a9b4-aae717bc71b2','TGT-UNKNOWN-706','damaged','2026-03-15 11:05:23'),(80,'2026-03-15 11:05:25.255262','ATTACK-FAKE-506','TGT-011','damaged','2026-03-15 11:05:25'),(81,'2026-03-15 11:05:26.260116','a38aad3a-89f2-4b3f-813a-f4313e9108c3','TGT-013','no_damage','2026-03-15 11:05:26'),(82,'2026-03-15 11:05:30.276371','3d1247ad-7618-43ff-acc5-1ce914810645','TGT-012','damaged','2026-03-15 11:05:30'),(83,'2026-03-15 11:05:33.288966','1793a796-592e-4d1f-af6c-83ca619b03b1','TGT-UNKNOWN-333','no_damage','2026-03-15 11:05:33'),(84,'2026-03-15 11:05:41.315402','ATTACK-FAKE-204','TGT-002','destroyed','2026-03-15 11:05:41'),(85,'2026-03-15 11:06:07.413265','66c1c3db-2f26-489f-a660-cf9d0b6e0ee4','TGT-009','damaged','2026-03-15 11:06:07'),(86,'2026-03-15 11:06:08.417644','a3cbed25-d888-4aa2-8b9a-10c06ed6326b','TGT-003','damaged','2026-03-15 11:06:08'),(87,'2026-03-15 11:06:22.477487','ef9b3915-a851-4fff-970a-81020f71c8da','TGT-008','destroyed','2026-03-15 11:06:22'),(88,'2026-03-15 11:06:28.509222','deca4b72-7555-4f2a-8546-9d765e81d174','TGT-011','destroyed','2026-03-15 11:06:28'),(89,'2026-03-15 11:06:30.519665','f135062c-3f89-4dff-8404-021d73f0dbc1','TGT-015','no_damage','2026-03-15 11:06:30'),(90,'2026-03-15 11:06:42.572772','cbe3819b-9568-475b-bf17-e786714a7124','TGT-003','destroyed','2026-03-15 11:06:42'),(91,'2026-03-15 11:07:04.698715','0fce06da-2d5b-4110-a8c9-5ee41a9a68fd','TGT-015','no_damage','2026-03-15 11:07:04'),(92,'2026-03-15 11:07:09.729558','0fce06da-2d5b-4110-a8c9-5ee41a9a68fd','TGT-015','destroyed','2026-03-15 11:07:09'),(93,'2026-03-15 11:07:17.774007','0297b6a3-e430-49f7-8c4a-ab5dac5fb8b2','TGT-012','damaged','2026-03-15 11:07:17'),(94,'2026-03-15 11:07:24.808714','0fce06da-2d5b-4110-a8c9-5ee41a9a68fd','TGT-015','damaged','2026-03-15 11:07:24'),(95,'2026-03-15 11:07:35.856512','0fce06da-2d5b-4110-a8c9-5ee41a9a68fd','TGT-015','destroyed','2026-03-15 11:07:35'),(96,'2026-03-15 11:07:39.875245','0fce06da-2d5b-4110-a8c9-5ee41a9a68fd','TGT-015','destroyed','2026-03-15 11:07:39'),(97,'2026-03-15 11:07:44.890083','dc26379c-ab2b-4b45-8960-a4dcb11f8ed0','TGT-014','no_damage','2026-03-15 11:07:44'),(98,'2026-03-15 11:07:50.923592','0297b6a3-e430-49f7-8c4a-ab5dac5fb8b2','TGT-012','no_damage','2026-03-15 11:07:50'),(99,'2026-03-15 11:07:54.938807','0fce06da-2d5b-4110-a8c9-5ee41a9a68fd','TGT-015','damaged','2026-03-15 11:07:54'),(100,'2026-03-15 11:07:55.942586','60cd4212-1d6d-4e1e-ae69-c03d933b8548','TGT-004','destroyed','2026-03-15 11:07:55'),(101,'2026-03-15 11:08:12.013867','73c3edd5-32bd-4d58-bc0b-8915ec03af90','TGT-009','damaged','2026-03-15 11:08:12'),(102,'2026-03-15 11:08:28.086621','ATTACK-FAKE-441','TGT-004','damaged','2026-03-15 11:08:28'),(103,'2026-03-15 11:09:21.310672','b841246d-9dae-4f83-a17e-bfbf43affffa','TGT-015','no_damage','2026-03-15 11:09:21'),(104,'2026-03-15 11:09:25.323397','73c3edd5-32bd-4d58-bc0b-8915ec03af90','TGT-009','destroyed','2026-03-15 11:09:25'),(105,'2026-03-15 11:09:38.377650','10000164-cdbd-4331-93ce-93021d5131da','TGT-UNKNOWN-103','destroyed','2026-03-15 11:09:38'),(106,'2026-03-15 11:09:46.409818','27bd4e14-7a01-4d2c-a555-c4e3a47b0eda','TGT-UNKNOWN-334','damaged','2026-03-15 11:09:46'),(107,'2026-03-15 11:09:53.438361','10000164-cdbd-4331-93ce-93021d5131da','TGT-UNKNOWN-103','destroyed','2026-03-15 11:09:53'),(108,'2026-03-15 11:09:55.450270','ATTACK-FAKE-198','TGT-008','damaged','2026-03-15 11:09:55'),(109,'2026-03-15 11:10:05.490515','0fce06da-2d5b-4110-a8c9-5ee41a9a68fd','TGT-015','destroyed','2026-03-15 11:10:05'),(110,'2026-03-15 11:10:24.547252','0fce06da-2d5b-4110-a8c9-5ee41a9a68fd','TGT-015','destroyed','2026-03-15 11:10:24'),(111,'2026-03-15 11:10:27.559932','a605ec25-1f0d-4b60-bed7-255be6fd8a8e','TGT-003','destroyed','2026-03-15 11:10:27'),(112,'2026-03-15 11:10:44.630496','074d512b-b97a-4869-b70c-cda8b837d070','TGT-003','damaged','2026-03-15 11:10:44'),(113,'2026-03-15 11:10:45.634652','5cc2f2d6-e386-47c6-b806-7e488161e4fa','TGT-UNKNOWN-596','no_damage','2026-03-15 11:10:45'),(114,'2026-03-15 11:10:48.646554','d7a9b28d-3d25-4988-8089-514cc70f419c','TGT-005','no_damage','2026-03-15 11:10:48');
/*!40000 ALTER TABLE `damage_assessments` ENABLE KEYS */;
UNLOCK TABLES;

--
-- Table structure for table `intel_signals`
--

DROP TABLE IF EXISTS `intel_signals`;
/*!40101 SET @saved_cs_client     = @@character_set_client */;
/*!50503 SET character_set_client = utf8mb4 */;
CREATE TABLE `intel_signals` (
  `signal_id` varchar(36) NOT NULL,
  `timestamp` datetime(6) NOT NULL,
  `entity_id` varchar(50) NOT NULL,
  `reported_lat` double NOT NULL,
  `reported_lon` double NOT NULL,
  `signal_type` enum('SIGINT','VISINT','HUMINT') NOT NULL,
  `priority_level` int NOT NULL,
  `created_at` timestamp NULL DEFAULT CURRENT_TIMESTAMP,
  PRIMARY KEY (`signal_id`),
  KEY `idx_entity_id` (`entity_id`),
  KEY `idx_signal_type` (`signal_type`),
  KEY `idx_timestamp` (`timestamp`)
) ENGINE=InnoDB DEFAULT CHARSET=utf8mb4 COLLATE=utf8mb4_0900_ai_ci;
/*!40101 SET character_set_client = @saved_cs_client */;

--
-- Dumping data for table `intel_signals`
--

LOCK TABLES `intel_signals` WRITE;
/*!40000 ALTER TABLE `intel_signals` DISABLE KEYS */;
INSERT INTO `intel_signals` VALUES ('002dfce4-6f1a-4edb-a82a-3dcbd639cf49','2026-03-15 10:54:04.460948','TGT-005',32.289752,35.508206,'VISINT',3,'2026-03-15 10:54:04'),('00d504c4-377c-4f24-b6cb-95d08c4198d8','2026-03-15 11:04:33.042282','TGT-001',31.400269,34.381523,'VISINT',1,'2026-03-15 11:04:33'),('016cd871-78d2-4f74-8ed9-559d17269161','2026-03-15 11:05:47.338752','TGT-UNKNOWN-176',32.132668,35.573622,'SIGINT',99,'2026-03-15 11:05:47'),('01adeaad-2b10-48f4-8222-8a8acf303c7a','2026-03-15 10:57:07.184073','TGT-013',32.196718,34.826961,'SIGINT',4,'2026-03-15 10:57:07'),('01aeb2c7-550d-4f4f-9cd4-7d67ed185afa','2026-03-15 11:00:31.056166','TGT-008',31.359194,34.964201,'SIGINT',1,'2026-03-15 11:00:31'),('021e9eb7-30ef-4286-8e8b-7c89cf7a1c86','2026-03-15 10:54:19.525941','TGT-013',32.235708,34.791741,'VISINT',4,'2026-03-15 10:54:19'),('0228a7a9-7922-42dd-b558-f6c4f2e4b055','2026-03-15 11:06:32.532287','TGT-013',32.241977,34.878646,'HUMINT',4,'2026-03-15 11:06:32'),('02936157-e1a0-4271-9b63-47d02af36a26','2026-03-15 11:01:23.284775','TGT-003',32.067031,34.788035,'HUMINT',1,'2026-03-15 11:01:23'),('02d9a136-45a3-4a09-9c5e-b3bef1419fca','2026-03-15 11:03:53.880744','TGT-001',31.429629,34.402474,'SIGINT',1,'2026-03-15 11:03:53'),('02e0172b-c67f-4e06-b1ac-14d60b469ad9','2026-03-15 10:56:20.986814','TGT-008',31.376166,34.952629,'HUMINT',1,'2026-03-15 10:56:20'),('02f2f117-b7ad-4869-9337-193a19827e22','2026-03-15 11:09:06.251357','TGT-011',32.580064,35.324344,'HUMINT',2,'2026-03-15 11:09:06'),('03738389-00d1-4316-9e1d-18cc7ed1050f','2026-03-15 11:07:42.881667','TGT-015',32.978264,35.784232,'VISINT',1,'2026-03-15 11:07:42'),('0428506d-8d16-473f-8d07-e12c2483a62a','2026-03-15 11:09:33.357559','TGT-UNKNOWN-141',31.875451,35.140697,'HUMINT',99,'2026-03-15 11:09:33'),('0531d5b1-d181-4f56-91e5-83b39489d004','2026-03-15 11:10:03.481711','TGT-UNKNOWN-103',31.255452,35.201626,'VISINT',99,'2026-03-15 11:10:03'),('053c468c-eb8b-4455-b60e-89f1fb362225','2026-03-15 10:56:17.974957','TGT-006',31.569119,34.345951,'HUMINT',2,'2026-03-15 10:56:17'),('053f08c3-ef62-4b78-a422-6b89a2766796','2026-03-15 11:04:18.985878','TGT-007',32.522808,35.157871,'HUMINT',4,'2026-03-15 11:04:18'),('05b32eb1-d8b3-4cbc-88d8-c5ba2e66dbae','2026-03-15 11:06:47.593495','TGT-007',32.548479,35.164158,'HUMINT',4,'2026-03-15 11:06:47'),('05cc9c4e-22df-451c-a011-b1752081752a','2026-03-15 11:02:06.471082','TGT-009',31.15594,34.047591,'SIGINT',3,'2026-03-15 11:02:06'),('0605621e-4834-4ad0-bfc5-e4f5ccae72ca','2026-03-15 11:05:03.166165','TGT-004',31.922659,35.102751,'VISINT',1,'2026-03-15 11:05:03'),('07253746-84f8-4838-ad8f-953ee3f2ab50','2026-03-15 10:58:52.627739','TGT-011',32.631964,35.26148,'HUMINT',2,'2026-03-15 10:58:52'),('07df40b7-9df8-42ca-9dc1-876123f59348','2026-03-15 10:54:54.669783','TGT-003',32.053789,34.772215,'HUMINT',1,'2026-03-15 10:54:54'),('08832921-b12d-4a5a-b293-577d9c7ad290','2026-03-15 10:56:28.019430','TGT-011',32.601466,35.285678,'HUMINT',2,'2026-03-15 10:56:28'),('088ad762-280e-4141-be8a-8c5f8aa52a99','2026-03-15 10:54:23.542837','TGT-UNKNOWN-189',32.566165,34.446936,'HUMINT',99,'2026-03-15 10:54:23'),('08b3aae9-d251-478a-9f6a-a574a44f01ca','2026-03-15 11:09:03.240394','TGT-013',32.251241,34.79986,'SIGINT',4,'2026-03-15 11:09:03'),('08cf5591-9d3e-4661-8d76-b25dbe5f195a','2026-03-15 10:57:01.156973','TGT-015',31.97699,35.011539,'HUMINT',2,'2026-03-15 10:57:01'),('090edeed-8899-4008-a266-390540fe3518','2026-03-15 10:55:15.748788','TGT-013',32.256571,34.807857,'SIGINT',4,'2026-03-15 10:55:15'),('09b5abfa-df41-4f26-a18c-8d5f29ea2da2','2026-03-15 10:53:54.414389','TGT-013',32.237748,34.808943,'VISINT',4,'2026-03-15 10:53:54'),('0b32b407-b7f1-4b7a-aade-3bff88aa220e','2026-03-15 10:58:31.525778','TGT-005',32.327834,35.500845,'HUMINT',3,'2026-03-15 10:58:31'),('0b78520d-7bbd-4c43-82b1-889ae3dc7efa','2026-03-15 11:00:52.148665','TGT-015',32.006154,35.063459,'SIGINT',2,'2026-03-15 11:00:52'),('0b7b071c-d305-47cc-887b-f4afd9527910','2026-03-15 10:59:17.738960','TGT-012',31.525532,35.620566,'SIGINT',1,'2026-03-15 10:59:17'),('0c75cf98-9016-49fa-86dc-89a8d762a479','2026-03-15 10:56:06.933933','TGT-008',31.366409,34.953447,'SIGINT',1,'2026-03-15 10:56:06'),('0c7ce96c-a2d3-4801-9559-6ba7151e2dd3','2026-03-15 10:55:35.821662','TGT-012',31.529182,35.663006,'HUMINT',1,'2026-03-15 10:55:35'),('0d5f22a3-c0e6-43ce-8ab4-1e597463f841','2026-03-15 10:54:51.654491','TGT-011',32.605132,35.275614,'HUMINT',2,'2026-03-15 10:54:51'),('0e85e473-4a42-44c4-b375-df62528a62aa','2026-03-15 10:56:57.144081','TGT-014',31.709287,35.433113,'VISINT',3,'2026-03-15 10:56:57'),('0f387a17-c9f5-4180-8641-5598f2d28811','2026-03-15 11:03:52.875519','TGT-013',32.204583,34.88449,'VISINT',4,'2026-03-15 11:03:52'),('0f4fa8c5-7e5e-488c-8364-52259ce64cf6','2026-03-15 11:02:38.620896','TGT-012',31.513912,35.600669,'HUMINT',1,'2026-03-15 11:02:38'),('0ff284f6-6485-4a7f-97b3-fa2b57d9e8f1','2026-03-15 10:53:52.405389','TGT-011',32.617165,35.28784,'VISINT',2,'2026-03-15 10:53:52'),('1037cf61-ca43-4567-84ad-928a048af3cb','2026-03-15 10:54:52.660283','TGT-010',31.860195,34.536288,'HUMINT',3,'2026-03-15 10:54:52'),('103f2ad2-caca-4d07-b52e-f56d2996b8eb','2026-03-15 11:10:56.680282','TGT-009',32.075396,35.743867,'HUMINT',5,'2026-03-15 11:10:56'),('10988dfc-f011-4822-93e7-cb5cde9365cd','2026-03-15 11:01:20.272875','TGT-003',32.072443,34.796304,'VISINT',1,'2026-03-15 11:01:20'),('10eb69e8-8060-4f00-93f0-c380b32209b4','2026-03-15 10:58:56.646759','TGT-009',32.053318,35.848211,'HUMINT',5,'2026-03-15 10:58:56'),('118f830e-ebc3-49ea-9d35-001c902f27b5','2026-03-15 10:55:05.712614','TGT-007',32.460296,35.110921,'HUMINT',4,'2026-03-15 10:55:05'),('1256fb89-69fe-4aa1-b566-0473248d3e4d','2026-03-15 10:53:45.374369','TGT-015',32.011444,34.991858,'SIGINT',2,'2026-03-15 10:53:45'),('130f262e-2da0-44a6-87a5-42e67d021055','2026-03-15 10:58:16.451641','TGT-015',31.98019,35.034221,'VISINT',2,'2026-03-15 10:58:16'),('144992ae-2dd7-45f8-9aec-d978d03b9cb9','2026-03-15 11:06:49.602875','TGT-011',32.59657,35.248642,'SIGINT',2,'2026-03-15 11:06:49'),('14eff341-c816-4710-a436-4a42f3e956b8','2026-03-15 10:59:47.870714','TGT-011',32.662757,35.266443,'VISINT',2,'2026-03-15 10:59:47'),('1551c55d-0f2b-43b1-a313-2ce91c4ccffc','2026-03-15 11:08:40.136781','TGT-012',31.559911,35.660277,'VISINT',1,'2026-03-15 11:08:40'),('15b15e54-65d7-4e59-bc7f-efc7c72c4021','2026-03-15 11:07:16.767945','TGT-UNKNOWN-314',31.553309,35.649585,'VISINT',99,'2026-03-15 11:07:16'),('15fb9321-9e75-4a54-900a-322240e8a14a','2026-03-15 11:03:44.843961','TGT-005',32.362022,35.519204,'VISINT',3,'2026-03-15 11:03:44'),('162206b8-f38b-48b6-9dc4-335eca64e36b','2026-03-15 11:01:18.267067','TGT-001',31.449833,34.435715,'VISINT',1,'2026-03-15 11:01:18'),('16e4c96e-4280-418c-a561-dd45bc8ee02b','2026-03-15 11:10:39.605884','TGT-008',31.408331,34.909874,'HUMINT',1,'2026-03-15 11:10:39'),('16ffd37a-3624-469b-bab2-effbf6d5ee43','2026-03-15 10:58:01.390320','TGT-005',32.319322,35.49918,'VISINT',3,'2026-03-15 10:58:01'),('1751c6d0-e82b-4602-ae79-ea1a3e3d4b40','2026-03-15 10:58:29.513766','TGT-005',32.309744,35.505273,'SIGINT',3,'2026-03-15 10:58:29'),('178ed587-5326-4976-99e2-30cd068ab943','2026-03-15 11:04:37.059755','TGT-005',32.339447,35.490217,'SIGINT',3,'2026-03-15 11:04:37'),('1793c97c-af73-47e4-8de8-05c4956f5c2c','2026-03-15 11:10:54.669045','TGT-015',32.049952,34.966921,'HUMINT',2,'2026-03-15 11:10:54'),('17c6ee04-89e8-4a33-846f-6fe3d473ebc0','2026-03-15 10:54:22.537718','TGT-013',32.245474,34.776981,'VISINT',4,'2026-03-15 10:54:22'),('18a903ae-b25a-4629-9f5d-e9e4b7aa8080','2026-03-15 11:02:50.659699','TGT-011',32.659289,35.273965,'VISINT',2,'2026-03-15 11:02:50'),('197799a8-13df-4bf2-b957-217ec41eac5f','2026-03-15 11:04:05.936905','TGT-005',32.346354,35.502845,'VISINT',3,'2026-03-15 11:04:05'),('19a00cd6-b8a6-438a-a65e-7afbd647355d','2026-03-15 11:01:53.411429','TGT-006',31.523396,34.349583,'HUMINT',2,'2026-03-15 11:01:53'),('19b1fe5a-ca80-4b13-8e71-5ac64bc7075d','2026-03-15 11:00:51.143376','TGT-008',31.345179,34.974277,'HUMINT',1,'2026-03-15 11:00:51'),('19eeb696-020f-4e58-b857-adbf44e9f799','2026-03-15 11:00:43.115309','TGT-013',32.237278,34.833471,'VISINT',4,'2026-03-15 11:00:43'),('1a8862f4-838c-443d-a064-a7bb2e72adc6','2026-03-15 11:01:40.350062','TGT-013',32.216206,34.859301,'VISINT',4,'2026-03-15 11:01:40'),('1abc54e3-9cf3-483c-b57b-3c638ae4cde6','2026-03-15 11:03:42.833691','TGT-003',32.110877,34.793125,'VISINT',1,'2026-03-15 11:03:42'),('1ae9b557-e0e7-4943-a398-5404f56c4884','2026-03-15 11:03:35.808749','TGT-007',32.521666,35.143035,'HUMINT',4,'2026-03-15 11:03:35'),('1b28ad73-9d33-4711-9d8e-794d57371b16','2026-03-15 11:06:27.504391','TGT-013',32.225996,34.898401,'HUMINT',4,'2026-03-15 11:06:27'),('1b29e9d0-aa58-44fa-88be-a823572775ce','2026-03-15 10:55:12.738426','TGT-006',31.605506,34.347729,'VISINT',2,'2026-03-15 10:55:12'),('1bab120a-c392-49c0-90da-bd59f6ebef01','2026-03-15 11:08:16.034035','TGT-003',32.038112,34.776023,'VISINT',1,'2026-03-15 11:08:16'),('1bd5be61-3c1e-4f1e-b3d2-800e9ad20c4b','2026-03-15 11:04:24.006208','TGT-001',31.407663,34.391107,'HUMINT',1,'2026-03-15 11:04:24'),('1bf08692-393e-44a9-8ed7-8ceb238b85eb','2026-03-15 11:01:28.297139','TGT-010',31.899408,34.514135,'VISINT',3,'2026-03-15 11:01:28'),('1c8baa06-850d-49f9-b60b-4f938ba3ac16','2026-03-15 10:59:14.726025','TGT-007',32.492906,35.103816,'HUMINT',4,'2026-03-15 10:59:14'),('1d51d81e-d021-4187-96c2-9670f0674749','2026-03-15 11:01:24.286593','TGT-015',31.995644,35.086047,'VISINT',2,'2026-03-15 11:01:24'),('1d8ac987-89ff-4348-b927-74a438db41bd','2026-03-15 11:02:36.609077','TGT-013',32.204789,34.87066,'SIGINT',4,'2026-03-15 11:02:36'),('1e11489f-fa69-46ff-a5a5-d60a780dc4a1','2026-03-15 10:59:07.693264','TGT-003',32.033504,34.794442,'HUMINT',1,'2026-03-15 10:59:07'),('1e446195-c48f-40e5-8bf1-6dcc614c8550','2026-03-15 11:05:06.181469','TGT-013',32.222684,34.887613,'HUMINT',4,'2026-03-15 11:05:06'),('1e621e26-abe7-4486-86f0-8464b5aa2731','2026-03-15 10:56:22.991995','TGT-001',31.531758,34.461282,'HUMINT',1,'2026-03-15 10:56:23'),('1f765e16-e470-4c0e-9b84-69120eaff24c','2026-03-15 11:09:52.431418','TGT-012',31.541345,35.692057,'VISINT',1,'2026-03-15 11:09:52'),('1f7fa8a5-2d46-4b30-baef-13ffdf0ca404','2026-03-15 11:00:13.984691','TGT-015',31.981855,35.04239,'HUMINT',2,'2026-03-15 11:00:13'),('2015a2ff-0560-4b15-a98f-2db57960e8f5','2026-03-15 11:08:31.100104','TGT-UNKNOWN-575',31.404963,34.912338,'HUMINT',99,'2026-03-15 11:08:31'),('208550bf-a978-46b2-bd63-d2cbed8e5eb4','2026-03-15 11:03:17.752095','TGT-006',31.35282,34.41036,'VISINT',5,'2026-03-15 11:03:17'),('20d3e299-050b-4dfd-9621-e705403549fc','2026-03-15 11:01:14.250292','TGT-006',31.537654,34.351394,'VISINT',2,'2026-03-15 11:01:14'),('214335ee-7c3a-481f-9ad1-0975f636f386','2026-03-15 10:55:21.768264','TGT-005',32.290667,35.495939,'SIGINT',3,'2026-03-15 10:55:21'),('21c9b7a5-4481-4531-9bcb-f4760793fe5c','2026-03-15 11:08:42.144989','TGT-009',32.090201,35.784525,'SIGINT',5,'2026-03-15 11:08:42'),('2254e500-13f7-4296-b923-c6529a7f8700','2026-03-15 10:58:40.572562','TGT-014',31.691027,35.408778,'VISINT',3,'2026-03-15 10:58:40'),('22a9db07-8ec8-4370-98a0-48c32c340384','2026-03-15 11:07:45.894927','TGT-002',31.798259,34.644242,'SIGINT',2,'2026-03-15 11:07:45'),('2306a862-a8ba-466a-9c87-7db962a40764','2026-03-15 11:04:41.075418','TGT-010',31.867848,34.451808,'HUMINT',1,'2026-03-15 11:04:41'),('232e643d-7751-4e4c-9653-9c06b44719bf','2026-03-15 11:00:21.009531','TGT-004',31.908807,35.107427,'HUMINT',1,'2026-03-15 11:00:21'),('23411652-5831-42c1-8ec1-e8d8771db1df','2026-03-15 11:06:35.540770','TGT-002',31.741225,34.564799,'SIGINT',2,'2026-03-15 11:06:35'),('234c3159-75f8-458f-806f-b31876d7b35e','2026-03-15 10:58:51.624201','TGT-015',31.983841,35.029859,'VISINT',2,'2026-03-15 10:58:51'),('236fe2f5-9177-4202-befa-f0f9094576c9','2026-03-15 11:08:01.968978','TGT-004',31.882186,35.174469,'HUMINT',1,'2026-03-15 11:08:01'),('2399550f-073c-45bb-b260-414d4af415c3','2026-03-15 11:07:07.719837','TGT-007',32.454038,35.098265,'HUMINT',4,'2026-03-15 11:07:07'),('23eba1e0-b840-4087-9916-a16bd336a703','2026-03-15 10:58:35.548241','TGT-008',31.499106,35.695826,'HUMINT',2,'2026-03-15 10:58:35'),('24163741-7832-43f0-a0b9-3dfe4692223b','2026-03-15 11:09:44.401690','TGT-010',31.871204,34.551398,'SIGINT',3,'2026-03-15 11:09:44'),('25ef5902-3a25-4abf-9e89-c33206c78340','2026-03-15 10:55:49.871281','TGT-005',32.2929,35.501812,'VISINT',3,'2026-03-15 10:55:49'),('26a66e12-b453-40f6-ae4a-8fad2244d68f','2026-03-15 11:03:47.857377','TGT-009',32.006233,35.730932,'SIGINT',5,'2026-03-15 11:03:47'),('2756e904-d51b-4ae1-b132-af8b60e35217','2026-03-15 11:08:59.224822','TGT-002',31.828752,34.676146,'HUMINT',2,'2026-03-15 11:08:59'),('2811ed74-c6e8-49e8-8a14-f90dcd0e0c2b','2026-03-15 10:55:45.855375','TGT-006',31.57757,34.352171,'HUMINT',2,'2026-03-15 10:55:45'),('290460ef-b5be-4dd7-be1b-53b118668573','2026-03-15 11:06:04.404632','TGT-007',32.5459,35.158364,'VISINT',4,'2026-03-15 11:06:04'),('295b6393-9221-49b6-af87-7ae8e93b9dcd','2026-03-15 10:56:43.083938','TGT-015',32.01243,34.986195,'VISINT',2,'2026-03-15 10:56:43'),('29a1cc90-e459-4972-a3a3-ae0078bf3a9e','2026-03-15 11:05:29.273570','TGT-011',32.609383,35.247532,'SIGINT',2,'2026-03-15 11:05:29'),('2a720b02-bf81-4cc3-a931-871825b46314','2026-03-15 10:58:20.471778','TGT-007',32.509249,35.10515,'VISINT',4,'2026-03-15 10:58:20'),('2a8ff35b-6c31-43e0-9ad6-47bea67a7e6a','2026-03-15 11:00:27.038937','TGT-015',31.983248,35.060306,'SIGINT',2,'2026-03-15 11:00:27'),('2b254137-2fc6-429c-ace8-e602ae687d86','2026-03-15 10:59:03.672243','TGT-002',32.221545,34.994434,'SIGINT',5,'2026-03-15 10:59:03'),('2c050214-8347-41c4-831d-c573ac951aba','2026-03-15 11:05:44.325733','TGT-005',32.340934,35.502423,'HUMINT',3,'2026-03-15 11:05:44'),('2c0e86e4-a595-4782-9ca8-ebddc43c8fc9','2026-03-15 10:54:55.673045','TGT-011',32.617897,35.290254,'VISINT',2,'2026-03-15 10:54:55'),('2c0f581f-ecea-43a8-8d2d-2ce52aa5d355','2026-03-15 10:55:03.704950','TGT-009',31.968425,35.676867,'VISINT',2,'2026-03-15 10:55:03'),('2c25c7e5-9fde-43bc-9223-89d1c45f2778','2026-03-15 11:01:33.316447','TGT-011',32.650865,35.254172,'HUMINT',2,'2026-03-15 11:01:33'),('2c67926f-2c55-4eae-a1a6-06f88d3eb24f','2026-03-15 11:03:19.758954','TGT-015',32.007787,35.121555,'VISINT',2,'2026-03-15 11:03:19'),('2cefd802-846d-4b65-b9d6-5fc42de0e37a','2026-03-15 10:57:47.331899','TGT-005',32.314324,35.491036,'HUMINT',3,'2026-03-15 10:57:47'),('2e53a08f-a975-4ad6-8062-2dfa2eb75985','2026-03-15 11:03:51.872310','TGT-003',32.123436,34.773623,'VISINT',1,'2026-03-15 11:03:51'),('2ec1353d-9f5d-45fd-8c84-f1b5d7447a88','2026-03-15 10:53:35.336145','TGT-008',31.394338,34.918572,'SIGINT',1,'2026-03-15 10:53:35'),('2f4b4e63-810c-4809-8b6f-3ff2d5da21c7','2026-03-15 11:05:46.334729','TGT-014',31.659552,35.418945,'SIGINT',3,'2026-03-15 11:05:46'),('2f4cb1f7-2fea-4508-8ed5-a197b4e6df21','2026-03-15 11:00:12.978509','TGT-013',32.224494,34.847256,'HUMINT',4,'2026-03-15 11:00:12'),('30ecf2d6-73e8-4a36-b0dc-1f303c157396','2026-03-15 10:59:35.818786','TGT-005',32.337955,35.521872,'VISINT',3,'2026-03-15 10:59:35'),('3153b3df-17d1-496d-8e22-a9f2f0863118','2026-03-15 11:07:20.787398','TGT-UNKNOWN-310',31.900861,35.198633,'VISINT',99,'2026-03-15 11:07:20'),('31c0787f-66d8-481e-9d96-3e3a5b7a6e87','2026-03-15 11:04:25.010565','TGT-009',32.036721,35.726188,'VISINT',5,'2026-03-15 11:04:25'),('3220e15e-c7b2-412b-a8c1-64e4c2283610','2026-03-15 11:07:02.694958','TGT-005',32.318617,35.48107,'VISINT',3,'2026-03-15 11:07:04'),('3230d09a-846f-45cd-9324-be756cb7623c','2026-03-15 11:01:50.396036','TGT-015',32.010769,35.073006,'VISINT',2,'2026-03-15 11:01:50'),('3237a7ee-c08e-4b1b-96e0-7731270cb007','2026-03-15 11:09:51.427047','TGT-UNKNOWN-103',32.215402,34.857035,'HUMINT',99,'2026-03-15 11:09:51'),('32656d91-c73c-444a-9d3d-2ee023ae40c4','2026-03-15 11:01:22.280867','TGT-015',31.985033,35.078937,'VISINT',2,'2026-03-15 11:01:22'),('3282d569-ca9f-45b4-bb8b-abbf3d0ef600','2026-03-15 10:56:01.916692','TGT-001',32.573847,34.247285,'SIGINT',3,'2026-03-15 10:56:01'),('329a40b0-52e6-4a11-8b9f-07bd5f6c8cf7','2026-03-15 11:10:50.655984','TGT-011',32.572903,35.326923,'VISINT',2,'2026-03-15 11:10:50'),('33248b3f-7205-489c-bc46-1b11f5aa4c11','2026-03-15 10:57:29.260338','TGT-001',31.513042,34.463045,'HUMINT',1,'2026-03-15 10:57:29'),('33679502-a0c4-4b56-b8db-4bceb302395f','2026-03-15 11:06:14.445166','TGT-009',32.036329,35.740535,'SIGINT',5,'2026-03-15 11:06:14'),('338daf09-71a4-43c8-abc1-3e98b4585764','2026-03-15 11:05:42.318717','TGT-007',32.525968,35.164098,'SIGINT',4,'2026-03-15 11:05:42'),('33946c3f-64da-4075-ab05-6e8eeb253377','2026-03-15 10:56:03.925817','TGT-001',31.550583,34.454673,'SIGINT',1,'2026-03-15 10:56:03'),('33b29b45-1fd0-45b5-b1e9-b1dcfa5dcecb','2026-03-15 11:09:48.417814','TGT-012',31.554584,35.678309,'HUMINT',1,'2026-03-15 11:09:48'),('342dac4f-f329-4b72-a3df-e12a2f01c3c7','2026-03-15 11:03:05.714178','TGT-015',32.011035,35.103877,'SIGINT',2,'2026-03-15 11:03:05'),('34366d00-7bbc-45f3-a420-6bec84493e9e','2026-03-15 10:54:44.625769','TGT-013',32.241695,34.785757,'HUMINT',4,'2026-03-15 10:54:44'),('35c82ebe-ee7a-4ee6-8dc2-1297179958f0','2026-03-15 11:00:47.126469','TGT-004',31.907195,35.096007,'SIGINT',1,'2026-03-15 11:00:47'),('3606db69-e0f3-497a-8a82-01a8f05e7189','2026-03-15 11:07:48.913123','TGT-004',31.899835,35.195701,'VISINT',1,'2026-03-15 11:07:48'),('36947af1-510a-4b08-9749-91205841b134','2026-03-15 10:58:36.554109','TGT-003',32.042208,34.785565,'SIGINT',1,'2026-03-15 10:58:36'),('36b400ad-3782-4530-baa2-3500a8224c12','2026-03-15 10:59:22.759754','TGT-007',32.509764,35.123595,'VISINT',4,'2026-03-15 10:59:22'),('3756dd3f-1785-4199-bec7-8afe44a217b2','2026-03-15 11:09:22.311926','TGT-010',31.859757,34.582507,'SIGINT',3,'2026-03-15 11:09:22'),('38197259-c20d-4585-9499-1f6d18472db0','2026-03-15 10:55:51.881167','TGT-013',32.246337,34.851777,'VISINT',4,'2026-03-15 10:55:51'),('3867dbe3-83f0-48e5-93e1-5488f1dcdaca','2026-03-15 11:01:43.363434','TGT-001',31.432742,34.446631,'HUMINT',1,'2026-03-15 11:01:43'),('398cd6c6-2f8e-4711-9839-6eed953dabb0','2026-03-15 11:00:36.083298','TGT-009',32.029479,35.801146,'HUMINT',5,'2026-03-15 11:00:36'),('3a735cc5-369b-4116-8fff-9e6b892adb82','2026-03-15 10:53:53.409964','TGT-014',31.704842,35.415017,'VISINT',3,'2026-03-15 10:53:53'),('3a979e2e-ebd3-4bf2-b063-f939e47034e4','2026-03-15 10:53:44.369721','TGT-009',32.08604,35.80897,'SIGINT',5,'2026-03-15 10:53:44'),('3b73c849-29ca-4fe0-a45c-78115b2e7117','2026-03-15 10:57:10.191873','TGT-006',31.563428,34.353636,'VISINT',2,'2026-03-15 10:57:10'),('3ba9f6c4-b453-41af-89f9-ce98f5ef8381','2026-03-15 11:11:05.709389','TGT-009',32.073512,35.748269,'SIGINT',5,'2026-03-15 11:11:05'),('3bd65065-03a9-45a5-ae09-8f0a1e67a1dc','2026-03-15 10:55:29.795808','TGT-015',32.020111,34.96675,'HUMINT',2,'2026-03-15 10:55:29'),('3c0417d7-5c4d-41e5-ab09-ebf14cd587df','2026-03-15 10:58:59.654852','TGT-009',31.67114,34.864828,'SIGINT',5,'2026-03-15 10:58:59'),('3ce61f75-78f2-40db-9f7c-33eb56654da5','2026-03-15 11:00:32.057398','TGT-008',31.346154,34.97477,'VISINT',1,'2026-03-15 11:00:32'),('3cfd1c1d-9e62-4a81-8170-230bfd9c00ed','2026-03-15 11:07:23.806190','TGT-002',31.783299,34.624856,'HUMINT',2,'2026-03-15 11:07:23'),('3d0cb3ef-a184-4ea4-9df2-2203ebada0e7','2026-03-15 10:54:48.637201','TGT-008',31.387801,34.932316,'SIGINT',1,'2026-03-15 10:54:48'),('3d10745b-99e5-4bfa-92ee-c3934e278914','2026-03-15 11:02:14.510880','TGT-003',32.087374,34.778196,'HUMINT',1,'2026-03-15 11:02:14'),('3d7a1628-ccc5-4386-ba29-447f5ddbe58d','2026-03-15 11:04:08.950971','TGT-010',31.875504,34.509481,'VISINT',3,'2026-03-15 11:04:08'),('3dbf7233-60d9-4661-82e6-549d6b7e5ae5','2026-03-15 11:01:54.416720','TGT-011',32.643536,35.242501,'SIGINT',2,'2026-03-15 11:01:54'),('3e17512f-e264-4f9c-9802-e071d55838c7','2026-03-15 10:54:59.692505','TGT-013',32.258975,34.791099,'VISINT',4,'2026-03-15 10:54:59'),('3e1e1dca-e567-43e0-978e-c58d3218f31a','2026-03-15 11:04:32.040723','TGT-006',31.531068,34.345745,'VISINT',2,'2026-03-15 11:04:32'),('3e5bf6ab-dd49-463f-a75b-b4677f06cbd5','2026-03-15 11:06:39.559630','TGT-007',32.543728,35.150922,'HUMINT',4,'2026-03-15 11:06:39'),('3e6d6769-ff3b-4325-849e-8257f08beab8','2026-03-15 10:58:49.615190','TGT-011',32.638697,35.278548,'SIGINT',2,'2026-03-15 10:58:49'),('3fadd661-2d8c-44ec-821e-4cbc07ac95af','2026-03-15 11:07:11.739300','TGT-010',31.866829,34.550568,'SIGINT',3,'2026-03-15 11:07:11'),('3fb4e4db-d0c3-4f7a-b88a-61086585395b','2026-03-15 10:55:41.844511','TGT-002',31.785419,34.630444,'SIGINT',2,'2026-03-15 10:55:41'),('3fdece70-440e-49d2-ad88-caaf1de02d20','2026-03-15 11:10:26.556090','TGT-015',32.041341,34.995722,'HUMINT',2,'2026-03-15 11:10:26'),('3fe801da-e1a5-4c24-b1ce-cf4823f8c76e','2026-03-15 10:58:18.460531','TGT-015',31.984736,35.016,'SIGINT',2,'2026-03-15 10:58:18'),('40338af0-758e-4a89-b71d-f35bb21563ce','2026-03-15 11:10:41.614846','TGT-012',31.536795,35.704539,'SIGINT',1,'2026-03-15 11:10:41'),('40f551d2-64c2-4ffb-b000-915af9bf4fb6','2026-03-15 11:09:39.378537','TGT-009',32.0891,35.754573,'VISINT',5,'2026-03-15 11:09:39'),('41a92bb4-7a9d-49c0-8ac2-8ded9f47d22b','2026-03-15 11:01:48.386376','TGT-011',32.660687,35.251009,'SIGINT',2,'2026-03-15 11:01:48'),('41f6197a-307a-4617-be14-cbb19ee14805','2026-03-15 11:07:03.696645','TGT-009',32.112761,35.797034,'HUMINT',5,'2026-03-15 11:07:04'),('42302518-038b-4ca4-92be-c6622347b5a0','2026-03-15 10:54:16.514704','TGT-013',32.224172,34.778135,'SIGINT',4,'2026-03-15 10:54:16'),('426fe778-c91c-4f50-ba46-8a760fe3375a','2026-03-15 10:59:05.683816','TGT-006',31.554986,34.337878,'VISINT',2,'2026-03-15 10:59:05'),('42ae8884-c0cf-4a10-90c9-e0523dbe1c42','2026-03-15 10:58:26.505059','TGT-009',32.08278,35.853349,'HUMINT',5,'2026-03-15 10:58:26'),('42f4d297-2106-43b9-94f8-e3c34e0e154f','2026-03-15 11:09:07.255228','TGT-001',31.523987,34.43937,'SIGINT',1,'2026-03-15 11:09:07'),('4367e1a5-e7bb-4ba6-921c-ec09ab76f6ff','2026-03-15 11:02:22.547810','TGT-009',32.003336,35.760702,'VISINT',5,'2026-03-15 11:02:22'),('437e7d13-6ebe-4bfe-8cf3-b94e39b5a17f','2026-03-15 10:57:34.283145','TGT-004',31.884854,35.151538,'SIGINT',1,'2026-03-15 10:57:34'),('43a70ca7-d42f-4995-9729-48d276c92e73','2026-03-15 11:00:57.173283','TGT-013',32.227625,34.850865,'HUMINT',4,'2026-03-15 11:00:57'),('43d7ba4a-fe5e-4c13-8b7e-3d617bea277a','2026-03-15 10:53:48.386126','TGT-006',31.614058,34.364754,'HUMINT',2,'2026-03-15 10:53:48'),('4467980a-04d3-490d-a560-a0b984a9f4d4','2026-03-15 11:01:58.432790','TGT-001',31.418614,34.446598,'VISINT',1,'2026-03-15 11:01:58'),('4565e769-a6f9-4bcf-9e6b-977317122451','2026-03-15 11:05:51.351168','TGT-004',31.903664,35.087863,'VISINT',1,'2026-03-15 11:05:51'),('45c32278-9fb7-45b3-8776-0fb205066fb2','2026-03-15 11:02:49.655555','TGT-001',31.413003,34.400197,'SIGINT',1,'2026-03-15 11:02:49'),('45e24452-ccd4-4e2a-af85-a583d57ded57','2026-03-15 11:11:07.716770','TGT-004',31.866107,35.131385,'HUMINT',1,'2026-03-15 11:11:07'),('467d2db3-aa8f-4d3b-8cdc-59821e91a7d6','2026-03-15 10:57:12.196041','TGT-015',31.989501,35.038238,'SIGINT',2,'2026-03-15 10:57:12'),('4781a822-4d84-4c75-82e8-ccfd953637fd','2026-03-15 10:58:37.555181','TGT-003',32.033957,34.778406,'HUMINT',1,'2026-03-15 10:58:37'),('484faccc-afb7-442f-b273-3c0dc2726590','2026-03-15 10:54:02.453368','TGT-013',32.24276,34.790228,'HUMINT',4,'2026-03-15 10:54:02'),('485d46d3-7bb9-42b7-9c9c-67c634f559b7','2026-03-15 11:10:31.576339','TGT-005',32.328868,35.462871,'SIGINT',3,'2026-03-15 11:10:31'),('4929da52-1339-4da3-ad62-f1b7bcfc28f4','2026-03-15 10:58:06.414459','TGT-013',32.20522,34.826651,'HUMINT',4,'2026-03-15 10:58:06'),('4a2f02ad-5fa1-4a4b-816f-332c86b10158','2026-03-15 11:10:33.581425','TGT-010',31.876495,34.516389,'VISINT',3,'2026-03-15 11:10:33'),('4a31e507-90c8-4f7f-91c6-67dad4c8e03a','2026-03-15 11:05:56.371677','TGT-003',32.155002,34.758863,'VISINT',1,'2026-03-15 11:05:56'),('4aec05c9-7598-4297-80e4-1419d7212003','2026-03-15 11:03:04.708725','TGT-006',31.54157,34.351274,'HUMINT',2,'2026-03-15 11:03:04'),('4b062837-321c-45b7-8736-e08e84a22ffa','2026-03-15 11:09:28.336164','TGT-006',31.686533,34.357578,'HUMINT',2,'2026-03-15 11:09:28'),('4c2a6d9f-08a7-423b-81ef-30f1eb17585d','2026-03-15 10:55:08.721894','TGT-009',32.082248,35.797541,'VISINT',5,'2026-03-15 10:55:08'),('4c508019-7944-48de-9248-878ab99b2dae','2026-03-15 10:59:26.775203','TGT-012',31.523654,35.612979,'VISINT',1,'2026-03-15 10:59:26'),('4d27f812-d378-410b-bcac-4a163f510f22','2026-03-15 11:04:07.945021','TGT-001',31.413341,34.39285,'HUMINT',1,'2026-03-15 11:04:07'),('4def53e9-fbf3-454f-888b-ea76d511b103','2026-03-15 11:04:52.121115','TGT-014',31.680696,35.42429,'VISINT',3,'2026-03-15 11:04:52'),('4ebe9964-2da2-470f-9646-9b7eeab020cb','2026-03-15 11:03:57.899446','TGT-010',31.857076,34.522392,'VISINT',3,'2026-03-15 11:03:57'),('4f257055-85be-4f1b-9c4d-9b5209930f1a','2026-03-15 10:57:51.347168','TGT-011',32.624956,35.281698,'HUMINT',2,'2026-03-15 10:57:51'),('4f9121c3-7353-4c11-9edf-9930062726b1','2026-03-15 10:55:47.863848','TGT-003',32.034791,34.78401,'VISINT',1,'2026-03-15 10:55:47'),('4ffcc1bb-3634-49b7-a174-b995da46cb3b','2026-03-15 11:02:24.555116','TGT-015',32.007536,35.089564,'VISINT',2,'2026-03-15 11:02:24'),('504b2d06-6278-4b09-9034-fbecba7de557','2026-03-15 11:04:28.018781','TGT-011',32.629564,35.263056,'VISINT',2,'2026-03-15 11:04:28'),('50845818-dafa-41a4-a3f4-7714bc5be881','2026-03-15 11:03:09.724413','TGT-010',31.85622,34.511804,'VISINT',3,'2026-03-15 11:03:09'),('5091203a-e1f1-417c-9a89-2b8f6c3ac46a','2026-03-15 11:00:19.001610','TGT-004',31.906398,35.114846,'SIGINT',1,'2026-03-15 11:00:19'),('50ec120a-5024-49fa-a170-b503cefc9f20','2026-03-15 11:00:03.940397','TGT-010',31.881749,34.49823,'VISINT',3,'2026-03-15 11:00:03'),('51c7a52c-fd54-403a-b025-761c9388a0a7','2026-03-15 10:56:44.089875','TGT-014',31.711939,35.431319,'SIGINT',3,'2026-03-15 10:56:44'),('521d5557-5e1a-4356-b94d-13976fef4398','2026-03-15 10:57:27.251285','TGT-001',31.516816,34.467165,'VISINT',1,'2026-03-15 10:57:27'),('53309b44-e8ad-4333-89ba-41b8ecefaf7b','2026-03-15 11:09:43.392949','TGT-006',31.69664,34.358214,'SIGINT',2,'2026-03-15 11:09:43'),('54229e5f-09e9-43a0-bbe5-76cedd764c6c','2026-03-15 11:01:00.190639','TGT-002',31.740009,34.629882,'HUMINT',2,'2026-03-15 11:01:00'),('54b105b4-5556-473a-9d38-cc70e4119e15','2026-03-15 11:07:37.866078','TGT-015',32.008241,35.013337,'VISINT',2,'2026-03-15 11:07:37'),('55294a3b-00a9-4bd9-963d-b88d6d19260f','2026-03-15 11:08:32.104843','TGT-001',31.502946,34.447405,'VISINT',1,'2026-03-15 11:08:32'),('5578c1f3-1119-4882-9b51-2d8ec436c397','2026-03-15 10:59:30.795667','TGT-011',32.662656,35.265329,'HUMINT',2,'2026-03-15 10:59:30'),('55f294b8-31ef-411a-9d29-c63c53de2a59','2026-03-15 11:06:06.410893','TGT-006',31.523849,34.369644,'SIGINT',2,'2026-03-15 11:06:06'),('5607b251-1f88-4cbf-88f2-17a2d81f5dc4','2026-03-15 11:08:47.166712','TGT-009',32.095536,35.761901,'SIGINT',5,'2026-03-15 11:08:47'),('56131a1b-b74b-4fd5-ad27-cd24e550bc96','2026-03-15 11:02:08.481782','TGT-004',31.913333,35.07929,'VISINT',1,'2026-03-15 11:02:08'),('56b06172-1536-4755-800a-573562bce4c5','2026-03-15 10:58:57.648766','TGT-010',31.898959,34.52304,'VISINT',3,'2026-03-15 10:58:57'),('56bc26f6-ff95-474d-bfbc-76c9c32987e3','2026-03-15 10:56:38.056785','TGT-009',32.081456,35.81337,'VISINT',5,'2026-03-15 10:56:38'),('56ecc2a7-0c80-4022-af45-3dafac764b46','2026-03-15 11:10:02.475000','TGT-010',31.893068,34.52194,'SIGINT',3,'2026-03-15 11:10:02'),('57197127-3e88-4485-abfb-907b16011c40','2026-03-15 10:59:41.842909','TGT-012',31.510454,35.607381,'SIGINT',1,'2026-03-15 10:59:41'),('5733e3e5-418a-4aae-95e7-32781e7ec948','2026-03-15 11:00:10.970532','TGT-004',31.897875,35.133685,'VISINT',1,'2026-03-15 11:00:10'),('5789a962-57b3-4c3f-8a63-67be63b1cb2a','2026-03-15 11:05:32.285497','TGT-009',32.027184,35.740442,'SIGINT',5,'2026-03-15 11:05:32'),('57ea114c-b774-4541-be3c-3be62efc0633','2026-03-15 11:09:57.457332','TGT-013',32.236354,34.764886,'VISINT',4,'2026-03-15 11:09:57'),('582b0a50-cdc9-4d12-becb-37e9cba4f0f9','2026-03-15 11:01:15.256450','TGT-015',32.004484,35.070892,'HUMINT',2,'2026-03-15 11:01:15'),('58561cbe-5e13-4e4a-bd1d-613ae85b7528','2026-03-15 10:56:27.013425','TGT-008',31.359992,34.967202,'HUMINT',1,'2026-03-15 10:56:27'),('591c4068-5a3f-4561-adaf-ee22489f1a9d','2026-03-15 11:02:43.639463','TGT-008',31.385194,34.95893,'SIGINT',1,'2026-03-15 11:02:43'),('59261e9e-f4a1-43ac-b228-19b231b2a5a4','2026-03-15 11:00:48.131630','TGT-009',32.01779,35.786886,'VISINT',5,'2026-03-15 11:00:48'),('5934bd1d-31eb-4b17-b207-dead9ab1fc8f','2026-03-15 10:53:51.400673','TGT-013',32.245164,34.826564,'VISINT',4,'2026-03-15 10:53:51'),('5a2b1c95-52a6-4223-8246-29605308a3f5','2026-03-15 11:05:17.223200','TGT-014',31.678654,35.408021,'SIGINT',3,'2026-03-15 11:05:17'),('5a8fcbf0-9c5c-4d2f-87ef-63b71892a107','2026-03-15 11:01:13.244453','TGT-002',31.752235,34.610872,'VISINT',2,'2026-03-15 11:01:13'),('5bc714d5-884b-4bbc-94e7-9bfd37d3eb09','2026-03-15 11:00:56.169681','TGT-003',32.048581,34.790643,'SIGINT',1,'2026-03-15 11:00:56'),('5cdcfdd2-9ef3-47fa-99ae-699994e13fe6','2026-03-15 11:05:52.355431','TGT-001',31.403566,34.410617,'VISINT',1,'2026-03-15 11:05:52'),('5d297523-8369-4571-b63a-4b8164e9fe27','2026-03-15 11:01:06.215931','TGT-011',32.65876,35.254363,'SIGINT',2,'2026-03-15 11:01:06'),('5d6dd515-894e-4f16-b351-54c90ee04f0f','2026-03-15 10:58:17.456385','TGT-009',32.08777,35.840461,'HUMINT',5,'2026-03-15 10:58:17'),('5da69397-bac1-4bd2-8f24-8a078436ec98','2026-03-15 10:58:23.489781','TGT-007',32.512146,35.108874,'HUMINT',4,'2026-03-15 10:58:23'),('5de07a11-1d64-45c2-989c-8430e89e336c','2026-03-15 11:04:48.101453','TGT-001',31.391144,34.406416,'VISINT',1,'2026-03-15 11:04:48'),('5df8f2e0-38d1-4cc3-8a11-d25cdc561f94','2026-03-15 11:01:37.333605','TGT-008',31.355959,34.950986,'VISINT',1,'2026-03-15 11:01:37'),('5e83c2ca-7eb5-45fb-aca7-619c8ffc87ce','2026-03-15 10:57:42.312964','TGT-004',31.893723,35.151229,'HUMINT',1,'2026-03-15 10:57:42'),('5e908db0-b455-485c-bba0-893b2432ed7d','2026-03-15 10:57:52.349005','TGT-004',31.895733,35.158363,'SIGINT',1,'2026-03-15 10:57:52'),('5eefa600-0d5f-4a61-80f8-4bde8d90c921','2026-03-15 11:05:45.331777','TGT-003',32.150617,34.773288,'SIGINT',1,'2026-03-15 11:05:45'),('5f3457ba-2768-4423-91cc-ead03870f6b5','2026-03-15 11:06:45.585081','TGT-012',31.529227,35.581318,'SIGINT',1,'2026-03-15 11:06:45'),('607d3b41-26b6-47b1-a690-74274265f56e','2026-03-15 11:07:36.862149','TGT-010',31.85293,34.581671,'VISINT',3,'2026-03-15 11:07:36'),('60f120be-7c2b-4e66-84b2-8d774e6d0ea1','2026-03-15 10:57:33.276702','TGT-004',31.890649,35.170086,'SIGINT',1,'2026-03-15 10:57:33'),('6105af1e-8236-4717-9cdd-382956a35ee9','2026-03-15 10:55:24.779668','TGT-013',32.251873,34.812053,'HUMINT',4,'2026-03-15 10:55:24'),('6173e702-313c-4fad-97e7-c5d053a35db7','2026-03-15 11:08:43.149134','TGT-009',32.076413,35.779777,'HUMINT',5,'2026-03-15 11:08:43'),('6183bc9a-e5da-4502-9120-77e7ca79a604','2026-03-15 10:54:12.497726','TGT-003',32.060598,34.77215,'HUMINT',1,'2026-03-15 10:54:12'),('619c57ca-252d-47e2-b810-9cc275ca0279','2026-03-15 10:59:32.804715','TGT-009',32.069066,35.857179,'HUMINT',5,'2026-03-15 10:59:32'),('6204827e-8fe1-499c-b999-b48e9c498681','2026-03-15 10:59:20.752769','TGT-003',32.050571,34.81172,'SIGINT',1,'2026-03-15 10:59:20'),('62e01268-f13b-46bb-af93-36619ff6ca1f','2026-03-15 10:57:25.246441','TGT-005',32.318839,35.505558,'HUMINT',3,'2026-03-15 10:57:25'),('63a883a9-6382-476d-adea-dea3e3623103','2026-03-15 10:59:43.851221','TGT-001',31.457168,34.445351,'HUMINT',1,'2026-03-15 10:59:43'),('63d1257f-9887-47f1-8f01-e22dead1c5f5','2026-03-15 11:10:30.572181','TGT-UNKNOWN-731',31.405099,34.916499,'VISINT',99,'2026-03-15 11:10:30'),('644fd781-95fc-40ce-aa34-5d08ae7e23e9','2026-03-15 11:00:20.007242','TGT-001',31.448064,34.445677,'HUMINT',1,'2026-03-15 11:00:20'),('651c88b4-07bd-461c-a8d8-fb9a7dcd456d','2026-03-15 11:03:23.775384','TGT-010',32.42364,35.459512,'VISINT',1,'2026-03-15 11:03:23'),('652c05bb-53f2-4e5a-8b81-4c7e41dafde2','2026-03-15 10:56:16.973576','TGT-007',32.483216,35.116146,'HUMINT',4,'2026-03-15 10:56:16'),('66c8b918-9921-456c-a890-d57fd66395e5','2026-03-15 11:08:37.127821','TGT-003',32.023988,34.791602,'VISINT',1,'2026-03-15 11:08:37'),('66ddfda2-c09b-4312-b4e3-0544bfc286ad','2026-03-15 11:00:17.996866','TGT-010',31.88537,34.504878,'SIGINT',3,'2026-03-15 11:00:18'),('67695de6-1934-4831-a644-5169bcbad94f','2026-03-15 11:01:27.294645','TGT-007',32.53558,35.138717,'HUMINT',4,'2026-03-15 11:01:27'),('6858d8ac-0387-497d-b6f1-2ef8b72e7251','2026-03-15 11:05:38.301200','TGT-006',31.537004,34.37545,'SIGINT',2,'2026-03-15 11:05:38'),('68b165e8-0445-4e71-97b7-539b3bf1feb5','2026-03-15 11:03:24.777240','TGT-006',31.523182,34.33319,'SIGINT',2,'2026-03-15 11:03:24'),('68c96255-1512-48c3-b4fd-0e32d547ebfc','2026-03-15 10:57:40.304849','TGT-003',32.024312,34.78968,'SIGINT',1,'2026-03-15 10:57:40'),('68d34280-52e5-4b9c-aeba-a416779470a0','2026-03-15 10:56:23.998870','TGT-001',32.86636,34.913454,'SIGINT',2,'2026-03-15 10:56:24'),('6926f465-6607-4dc0-be0b-09a0cd3bb909','2026-03-15 11:03:03.706741','TGT-003',32.113609,34.7827,'VISINT',1,'2026-03-15 11:03:03'),('699e0963-d480-4eab-831f-c2db325a53f2','2026-03-15 11:08:35.118066','TGT-002',31.813028,34.666238,'HUMINT',2,'2026-03-15 11:08:35'),('6a304d58-72c7-4df7-ac03-b0e98fb056e7','2026-03-15 11:04:29.024794','TGT-002',31.731528,34.58783,'VISINT',2,'2026-03-15 11:04:29'),('6a4cb87d-7809-4d35-9d7a-fcad6447ec91','2026-03-15 11:09:20.305442','TGT-005',32.335661,35.450919,'VISINT',3,'2026-03-15 11:09:20'),('6ab1e1b2-dcef-412d-a26d-e4ff0df634ae','2026-03-15 11:00:16.992914','TGT-UNKNOWN-189',31.37703,35.71577,'VISINT',99,'2026-03-15 11:00:17'),('6aec20a8-c463-412c-97f9-50599e99f76b','2026-03-15 11:03:49.866513','TGT-008',31.359881,34.968291,'SIGINT',1,'2026-03-15 11:03:49'),('6cd5e25a-50fa-4b93-93d2-11ef2cffed30','2026-03-15 11:08:39.135315','TGT-001',31.519898,34.454367,'VISINT',1,'2026-03-15 11:08:39'),('6ce6cbfb-40e3-4fdd-a00e-2ae1af95a03e','2026-03-15 11:10:42.620837','TGT-013',32.231462,34.768147,'VISINT',4,'2026-03-15 11:10:42'),('6d0aade4-4db8-4e83-8a84-77943665ebee','2026-03-15 10:58:43.585534','TGT-009',32.063003,35.846246,'SIGINT',5,'2026-03-15 10:58:43'),('6d81994d-f685-4214-9e06-2353c4c33b47','2026-03-15 11:07:29.833001','TGT-010',31.860741,34.562924,'SIGINT',3,'2026-03-15 11:07:29'),('6d8e8ee6-1703-4c61-9f91-080a399fccdb','2026-03-15 11:05:24.249219','TGT-007',32.508247,35.155867,'HUMINT',4,'2026-03-15 11:05:24'),('6e3d7045-a1d8-44ef-9fc6-234499b9a761','2026-03-15 10:56:37.054770','TGT-004',31.89323,35.183209,'VISINT',1,'2026-03-15 10:56:37'),('6e5aae0e-4041-4afc-bef8-967763a4caa4','2026-03-15 10:56:00.911041','TGT-001',31.554012,34.448698,'VISINT',1,'2026-03-15 10:56:00'),('6e6717bb-ea41-4f30-b371-640b7940a5db','2026-03-15 10:55:48.865398','TGT-008',31.355959,34.93439,'SIGINT',1,'2026-03-15 10:55:48'),('6ed30d04-f5f0-4094-89c4-89a55e7de36e','2026-03-15 10:55:07.717755','TGT-UNKNOWN-189',32.63907,34.390434,'VISINT',99,'2026-03-15 10:55:07'),('6f888257-f597-4eaa-b55d-75a0baea688f','2026-03-15 10:58:10.430789','TGT-004',31.909425,35.151576,'VISINT',1,'2026-03-15 10:58:10'),('700104c9-5c4f-42d5-a75a-cd75e9d50c93','2026-03-15 10:53:32.315668','TGT-006',31.632229,34.346935,'SIGINT',2,'2026-03-15 10:53:35'),('708bb77c-f93e-4bff-9cf2-5ee2505be74b','2026-03-15 11:08:34.112135','TGT-015',32.563934,35.989856,'VISINT',4,'2026-03-15 11:08:34'),('70a46e67-9585-4e9b-ab09-052728a52efb','2026-03-15 11:09:18.298116','TGT-UNKNOWN-686',32.01733,34.788027,'SIGINT',99,'2026-03-15 11:09:18'),('70b89bb1-d149-48ba-9946-162561940aef','2026-03-15 11:11:06.715173','TGT-UNKNOWN-888',31.537843,35.709485,'HUMINT',99,'2026-03-15 11:11:06'),('70ddf9ec-c0fe-4f88-be4b-a77e40ee4925','2026-03-15 11:08:50.179861','TGT-005',32.328072,35.46221,'HUMINT',3,'2026-03-15 11:08:50'),('71328312-6ffc-4b60-8dd9-6694a1e96d62','2026-03-15 10:56:41.071146','TGT-005',32.314405,35.506976,'SIGINT',3,'2026-03-15 10:56:41'),('717a88fd-e526-4c13-b7c2-5e0ec8b29ad1','2026-03-15 11:11:08.721903','TGT-010',31.859721,34.496958,'VISINT',3,'2026-03-15 11:11:08'),('71c11e74-7251-4e01-a3c9-75035ca95e22','2026-03-15 11:01:44.364631','TGT-010',31.888393,34.518124,'HUMINT',3,'2026-03-15 11:01:44'),('72256484-832e-4cc1-8202-e8c007d6dff3','2026-03-15 11:08:49.174917','TGT-008',31.400074,34.92743,'SIGINT',1,'2026-03-15 11:08:49'),('72948d7a-f199-4ef3-9b19-df432ffedb87','2026-03-15 11:06:51.610616','TGT-014',31.669952,35.423341,'HUMINT',3,'2026-03-15 11:06:51'),('72a87372-5d45-4d81-86e8-1c413848dda7','2026-03-15 11:08:09.004164','TGT-011',32.599019,35.316012,'HUMINT',2,'2026-03-15 11:08:09'),('72b47ec3-ff9c-49cf-9fe0-fa722c799b0a','2026-03-15 11:00:39.098298','TGT-013',32.240365,34.842613,'SIGINT',4,'2026-03-15 11:00:39'),('72d6aa64-491f-4803-aeb6-fdd5c36f7e76','2026-03-15 10:57:48.336181','TGT-004',31.898432,35.164396,'SIGINT',1,'2026-03-15 10:57:48'),('7317e9ae-7616-42fe-93d9-4804e158572e','2026-03-15 10:56:59.148165','TGT-009',32.068843,35.820571,'SIGINT',5,'2026-03-15 10:56:59'),('73c1c873-63d2-4f08-bdaf-4aa67414ce02','2026-03-15 10:58:27.507124','TGT-009',32.068751,35.843512,'SIGINT',5,'2026-03-15 10:58:27'),('743d32a5-d716-4a39-a4c9-bb5b1213a0fe','2026-03-15 10:59:12.713747','TGT-003',32.048899,34.803285,'VISINT',1,'2026-03-15 10:59:12'),('7504544d-7c95-445f-ba57-ff036f50b96d','2026-03-15 10:54:18.521600','TGT-009',32.099625,35.799936,'VISINT',5,'2026-03-15 10:54:18'),('75ae1f60-457c-4af2-91a9-53cc4b7b1146','2026-03-15 11:04:59.150091','TGT-015',31.988904,35.126,'HUMINT',2,'2026-03-15 11:04:59'),('75c648b8-bc27-4e8c-806b-57c7f6ebc985','2026-03-15 11:01:31.310020','TGT-006',31.541907,34.353875,'SIGINT',2,'2026-03-15 11:01:31'),('75ca302c-e34c-428b-bd45-1f5557a3aaa3','2026-03-15 11:06:11.431147','TGT-005',32.335815,35.49427,'SIGINT',3,'2026-03-15 11:06:11'),('7600f44d-a6ca-4522-a674-e98381e68b97','2026-03-15 11:05:48.344205','TGT-010',31.887526,34.532473,'HUMINT',3,'2026-03-15 11:05:48'),('7607d69b-a264-428f-9c4c-f1771b45743c','2026-03-15 11:02:02.446208','TGT-011',32.633163,35.255797,'SIGINT',2,'2026-03-15 11:02:02'),('76466125-00e5-4d2e-8a0d-2e6d98bc232e','2026-03-15 11:09:23.317500','TGT-010',31.85445,34.570821,'HUMINT',3,'2026-03-15 11:09:23'),('7683ce66-f999-4aa8-84f0-dd7a7369cfb4','2026-03-15 10:56:34.040396','TGT-006',31.562203,34.338446,'SIGINT',2,'2026-03-15 10:56:34'),('794748ff-9325-4bc7-8912-8d03e1338d8c','2026-03-15 11:05:28.269913','TGT-015',31.97987,35.145129,'SIGINT',2,'2026-03-15 11:05:28'),('798237ed-e831-4dc3-9f97-e406c219cce5','2026-03-15 11:06:54.622703','TGT-005',32.336433,35.503023,'VISINT',3,'2026-03-15 11:07:04'),('79b5d03f-6a02-4eb9-a755-528a2bfa948d','2026-03-15 10:56:08.938864','TGT-012',31.521497,35.645749,'VISINT',1,'2026-03-15 10:56:08'),('79f442aa-d72e-4c96-b0f0-5062babf03ef','2026-03-15 11:04:40.070413','TGT-008',31.349724,34.964651,'HUMINT',1,'2026-03-15 11:04:40'),('7a2a096b-a0c6-4bd1-89ed-0171e552a4b4','2026-03-15 11:09:26.328280','TGT-008',31.419325,34.93701,'VISINT',1,'2026-03-15 11:09:26'),('7a6d034c-1a5b-470e-818e-47e7aecf6d16','2026-03-15 11:04:47.097491','TGT-010',31.87826,34.527035,'SIGINT',3,'2026-03-15 11:04:47'),('7a79f88e-d08a-4ea3-9cf8-221996fc920d','2026-03-15 11:08:33.108122','TGT-012',31.55088,35.656902,'VISINT',1,'2026-03-15 11:08:33'),('7a891167-9073-40eb-a173-00656b8ea956','2026-03-15 10:53:30.194502','TGT-014',31.707887,35.413828,'SIGINT',3,'2026-03-15 10:53:34'),('7b1add4b-1854-4e66-9dfb-f4567bd8e1b1','2026-03-15 10:53:59.438358','TGT-004',31.891742,35.195215,'HUMINT',1,'2026-03-15 10:53:59'),('7c40164a-5a44-4d1c-9a4c-5e1c4271aea3','2026-03-15 10:56:42.077928','TGT-002',31.776294,34.613879,'SIGINT',2,'2026-03-15 10:56:42'),('7d113be0-99c9-4090-9ee3-c3c723c84449','2026-03-15 10:57:59.380097','TGT-009',32.068929,35.829936,'HUMINT',5,'2026-03-15 10:57:59'),('7d24eb53-2040-4d63-bd85-76cd78f84f53','2026-03-15 11:07:56.945395','TGT-004',31.883541,35.194126,'HUMINT',1,'2026-03-15 11:07:56'),('7dfda036-f64d-4741-98f1-1fe53ada654c','2026-03-15 10:55:31.806354','TGT-006',31.599715,34.333102,'HUMINT',2,'2026-03-15 10:55:31'),('7ed19bd1-0735-4a0d-9212-ec72a3a3e093','2026-03-15 11:10:16.529067','TGT-010',31.883581,34.5086,'VISINT',3,'2026-03-15 11:10:16'),('7eebeafa-ffae-4a04-aac9-f5ddc54daca3','2026-03-15 11:01:11.235263','TGT-007',32.524292,35.141776,'SIGINT',4,'2026-03-15 11:01:11'),('7f8816c2-1dee-4c1e-94cd-843d3643f112','2026-03-15 11:02:05.465763','TGT-012',31.508322,35.58996,'SIGINT',1,'2026-03-15 11:02:05'),('7f9de562-9b62-4995-b206-21b6e982392e','2026-03-15 10:57:00.154205','TGT-014',31.692809,35.421,'SIGINT',3,'2026-03-15 10:57:00'),('7fe44791-7454-4c8b-8eff-04bce9ebc399','2026-03-15 10:57:20.233780','TGT-013',32.207807,34.813871,'HUMINT',4,'2026-03-15 10:57:20'),('7fe58f21-85f6-43be-a495-7a75e9414f14','2026-03-15 11:07:06.712968','TGT-006',31.652765,34.340922,'SIGINT',2,'2026-03-15 11:07:06'),('805fbee7-39f6-4e38-bc8c-594d34d869f0','2026-03-15 11:10:52.665813','TGT-UNKNOWN-339',31.873852,35.136795,'VISINT',99,'2026-03-15 11:10:52'),('813ec88b-0a5c-4472-bc33-761afd8b343a','2026-03-15 11:05:54.364657','TGT-003',32.798785,34.853912,'HUMINT',4,'2026-03-15 11:05:54'),('825f5c46-b385-46ed-b138-72b6009f6b76','2026-03-15 11:09:00.228824','TGT-010',31.845998,34.597704,'SIGINT',3,'2026-03-15 11:09:00'),('834bef1e-d1b1-4f9b-ba70-aed21446c60d','2026-03-15 10:54:40.608442','TGT-011',32.605399,35.269977,'VISINT',2,'2026-03-15 10:54:40'),('8399fadf-0be7-44f5-b5b8-85e118b28d07','2026-03-15 11:06:44.582879','TGT-001',31.387226,34.40784,'HUMINT',1,'2026-03-15 11:06:44'),('83fe915c-4ff0-4b59-b513-9a52dd04e3ea','2026-03-15 11:04:35.053165','TGT-014',31.693021,35.419941,'SIGINT',3,'2026-03-15 11:04:35'),('847deae0-492f-4f3f-8d1f-704d9a8514c4','2026-03-15 10:58:45.593853','TGT-012',31.517503,35.630886,'SIGINT',1,'2026-03-15 10:58:45'),('84d84b0d-4825-4d52-a31d-749ad8bff5f9','2026-03-15 11:09:36.373051','TGT-008',31.420513,34.925159,'VISINT',1,'2026-03-15 11:09:36'),('85065fe8-74d3-4e2a-a325-3ea6c84ee258','2026-03-15 11:08:56.207698','TGT-015',32.028754,35.011207,'SIGINT',2,'2026-03-15 11:08:56'),('85cb5431-1ccd-4864-9dab-b8f51b977d5f','2026-03-15 11:08:02.973674','TGT-015',32.01344,35.338943,'HUMINT',1,'2026-03-15 11:08:02'),('8667c579-01be-4e3d-b438-bd9cb3cdf67d','2026-03-15 11:03:25.781045','TGT-008',32.430829,34.014573,'HUMINT',1,'2026-03-15 11:03:25'),('8674fc53-e0eb-416b-85ac-9a2d482a6ca5','2026-03-15 10:59:11.707934','TGT-015',31.991794,35.06093,'SIGINT',2,'2026-03-15 10:59:11'),('87a87a0d-eb8a-47b7-ac77-abcc49cec29e','2026-03-15 10:59:06.688219','TGT-004',31.89891,35.146124,'VISINT',1,'2026-03-15 10:59:06'),('887f29a6-a003-480a-b83b-ef0fc04da47f','2026-03-15 11:03:15.745197','TGT-004',31.917789,35.086591,'VISINT',1,'2026-03-15 11:03:15'),('88891e02-3ac0-40e7-84f3-230075fdcb0e','2026-03-15 11:02:46.646090','TGT-008',31.372642,34.951323,'VISINT',1,'2026-03-15 11:02:46'),('88d34168-0564-4814-a2ff-839695978569','2026-03-15 11:08:13.020138','TGT-013',32.248153,34.817083,'HUMINT',4,'2026-03-15 11:08:13'),('892aea25-6b4d-401a-ab8e-90bb2393adad','2026-03-15 11:05:50.349292','TGT-002',31.736924,34.559541,'SIGINT',2,'2026-03-15 11:05:50'),('896d189a-2053-429f-8a80-3a219286cda9','2026-03-15 10:56:39.063274','TGT-006',31.580707,34.354196,'SIGINT',2,'2026-03-15 10:56:39'),('8ad32e3d-c755-4b7f-8926-4fe2e54f771a','2026-03-15 10:59:48.872107','TGT-012',31.491038,35.624789,'HUMINT',1,'2026-03-15 10:59:48'),('8b8a8ded-2423-4340-9742-ab0a473731c6','2026-03-15 11:10:12.518055','TGT-013',32.229193,34.753524,'SIGINT',4,'2026-03-15 11:10:12'),('8bb0afb8-28e5-4900-97d5-85c25fc39ac3','2026-03-15 11:03:16.747844','TGT-007',32.531039,35.137252,'SIGINT',4,'2026-03-15 11:03:16'),('8cb7fac8-f358-4d98-8d40-0ed75a6d8a4f','2026-03-15 10:56:55.132523','TGT-013',32.215096,34.81988,'HUMINT',4,'2026-03-15 10:56:55'),('8d3c4af4-22f8-4a0b-9a8a-82978f4f65ad','2026-03-15 10:58:32.529160','TGT-010',32.244569,34.165141,'VISINT',1,'2026-03-15 10:58:32'),('8e98b333-6376-4d4d-9bce-c1e7472a3a1b','2026-03-15 11:09:11.267790','TGT-011',32.568902,35.3367,'VISINT',2,'2026-03-15 11:09:11'),('8f3dbfa9-af18-4c37-95f8-353ee778c6a1','2026-03-15 11:07:38.870648','TGT-014',31.711512,35.413141,'HUMINT',3,'2026-03-15 11:07:38'),('91343c76-e8d3-4c08-b047-6547cd4aef89','2026-03-15 11:00:30.050268','TGT-005',32.351958,35.504291,'SIGINT',3,'2026-03-15 11:00:30'),('917f6d09-cc59-403f-b6a5-31512574692b','2026-03-15 11:05:27.265863','TGT-008',31.345497,34.948877,'HUMINT',1,'2026-03-15 11:05:27'),('9325992c-351d-4a20-a495-62bbfc9cf71a','2026-03-15 10:54:32.579998','TGT-015',32.010607,34.977731,'VISINT',2,'2026-03-15 10:54:32'),('934c1937-5eb6-4ac4-ac8d-accd05bdb523','2026-03-15 11:05:49.348382','TGT-005',32.349501,35.492711,'SIGINT',3,'2026-03-15 11:05:49'),('93a15c0f-be8c-4016-ae61-8aef1251e86f','2026-03-15 11:04:13.969487','TGT-011',32.654373,35.277412,'HUMINT',2,'2026-03-15 11:04:13'),('9404ce93-6a82-4b1e-9bad-8005df167f9b','2026-03-15 10:57:23.241297','TGT-010',31.882772,34.526232,'HUMINT',3,'2026-03-15 10:57:23'),('9422454b-2776-4e71-ae21-bf1ce6eff5f8','2026-03-15 11:06:46.588658','TGT-003',32.141885,34.763954,'HUMINT',1,'2026-03-15 11:06:46'),('94fbf4ad-fa9e-4d35-9f78-f8033f60ae9a','2026-03-15 11:07:05.706635','TGT-005',32.315563,35.487755,'HUMINT',3,'2026-03-15 11:07:05'),('9709940a-f301-440c-a24f-1dcce54d1485','2026-03-15 10:58:47.605315','TGT-005',32.347636,35.508351,'VISINT',3,'2026-03-15 10:58:47'),('97d6cd2e-599b-4452-9bb9-edba4afd0752','2026-03-15 11:07:14.754653','TGT-008',31.404202,34.908461,'VISINT',1,'2026-03-15 11:07:14'),('98ed5c56-ac3a-46db-9753-ac98e5f29669','2026-03-15 11:08:21.055514','TGT-012',31.557817,35.643333,'HUMINT',1,'2026-03-15 11:08:21'),('9a5de7f8-1b80-4347-84a2-a492ecec9c8a','2026-03-15 10:57:43.317677','TGT-015',31.971337,35.026587,'VISINT',2,'2026-03-15 10:57:43'),('9ac44a95-d125-4510-ab69-cfa7d7fca5cc','2026-03-15 10:57:17.215364','TGT-004',31.875401,35.187647,'VISINT',1,'2026-03-15 10:57:17'),('9b69f0ae-78a9-4a8d-8eaf-f518caa0edde','2026-03-15 11:07:21.793360','TGT-001',31.514882,34.444617,'SIGINT',1,'2026-03-15 11:07:21'),('9b7260d8-8f4d-48b5-932e-34b0421b8622','2026-03-15 11:03:02.702334','TGT-001',31.418741,34.396936,'SIGINT',1,'2026-03-15 11:03:02'),('9d2c6350-84b5-4719-bade-27ae12c060ad','2026-03-15 10:54:41.611231','TGT-013',32.237499,34.780314,'VISINT',4,'2026-03-15 10:54:41'),('9dc15c24-9c15-4546-8fb1-a05ba339c859','2026-03-15 10:56:47.101820','TGT-015',31.995203,34.996045,'VISINT',2,'2026-03-15 10:56:47'),('9dd90b01-4e8e-4bbc-83b4-32508d937266','2026-03-15 11:10:46.640518','TGT-006',31.699536,34.373619,'HUMINT',2,'2026-03-15 11:10:46'),('9e06182e-37fd-45de-bf95-6d434ea92c63','2026-03-15 11:08:00.964944','TGT-UNKNOWN-424',31.878836,35.191139,'HUMINT',99,'2026-03-15 11:08:00'),('9e3936a3-5223-4bc7-a73c-54dda8c220ef','2026-03-15 10:55:01.699236','TGT-013',32.244238,34.797976,'SIGINT',4,'2026-03-15 10:55:01'),('9e4fedfd-1da2-4f94-9541-4557b37dd5d1','2026-03-15 11:02:48.653079','TGT-004',31.905103,35.081096,'SIGINT',1,'2026-03-15 11:02:48'),('9e85aa42-8e66-4502-83f9-d5dacd5930b1','2026-03-15 11:03:41.830522','TGT-004',31.934391,35.097557,'VISINT',1,'2026-03-15 11:03:41'),('9e9be70c-b93d-4514-a80d-4d737d94d603','2026-03-15 11:04:30.029776','TGT-008',31.36612,34.946039,'VISINT',1,'2026-03-15 11:04:30'),('a12b5d08-b480-4e1c-b1b6-2a968e17633a','2026-03-15 10:59:33.806995','TGT-014',32.447277,35.874378,'VISINT',5,'2026-03-15 10:59:33'),('a1d5542c-9a1a-403e-a70f-5181339cd1ac','2026-03-15 11:08:04.985477','TGT-012',31.554379,35.655512,'SIGINT',1,'2026-03-15 11:08:04'),('a216dcf8-db55-4425-9903-4aa4b0c1c229','2026-03-15 10:59:55.906106','TGT-010',31.893425,34.510909,'HUMINT',3,'2026-03-15 10:59:55'),('a2872e78-938e-43bb-bb0b-aaf562c44969','2026-03-15 11:03:20.764523','TGT-006',31.534203,34.347604,'HUMINT',2,'2026-03-15 11:03:20'),('a2a5e2b3-d23c-40a7-9bfc-985b30607d4f','2026-03-15 11:10:21.538964','TGT-008',31.40176,34.917277,'SIGINT',1,'2026-03-15 11:10:21'),('a2bc0390-89c0-473d-9819-36de14b4d6e3','2026-03-15 10:58:25.500230','TGT-008',31.694216,34.076083,'VISINT',2,'2026-03-15 10:58:25'),('a2e63102-cd5a-4390-80d0-061f55baef83','2026-03-15 11:09:30.343050','TGT-004',31.874903,35.141218,'SIGINT',1,'2026-03-15 11:09:30'),('a32a3ac0-df30-4827-af22-470cadc95456','2026-03-15 10:57:14.203994','TGT-008',31.379614,34.954168,'HUMINT',1,'2026-03-15 10:57:14'),('a45c23f2-c39e-4896-b083-ab912bad100d','2026-03-15 11:02:47.649943','TGT-014',31.70608,35.423768,'HUMINT',3,'2026-03-15 11:02:47'),('a4708074-9d4c-4564-ad47-20cdce2e6e3a','2026-03-15 10:54:25.551558','TGT-001',31.537953,34.455014,'SIGINT',1,'2026-03-15 10:54:25'),('a48e5ab1-4099-461e-bb5a-c9abc53ff5bf','2026-03-15 10:56:19.982105','TGT-006',31.570718,34.342961,'VISINT',2,'2026-03-15 10:56:19'),('a49e36f3-c9f6-4ece-b4ff-6b9f89a181f6','2026-03-15 11:03:59.909610','TGT-001',31.430906,34.386815,'VISINT',1,'2026-03-15 11:03:59'),('a4bc808b-2907-4059-86fa-b80b2687c209','2026-03-15 11:10:25.551286','TGT-013',32.235756,34.770107,'HUMINT',4,'2026-03-15 11:10:25'),('a531c221-31f3-4dce-8db2-1763f8d96b26','2026-03-15 11:10:47.644656','TGT-015',32.03836,34.978558,'VISINT',2,'2026-03-15 11:10:47'),('a5bc2961-01f3-4c1e-b7f1-11975b30ca98','2026-03-15 11:07:18.779418','TGT-015',32.978405,34.506544,'VISINT',1,'2026-03-15 11:07:18'),('a5d08091-feec-4ba1-8941-59b7177288f1','2026-03-15 11:08:54.199095','TGT-003',32.029789,34.800659,'VISINT',1,'2026-03-15 11:08:54'),('a6f5dff2-4cca-4a1b-bd79-8f78f0d01186','2026-03-15 10:59:25.770621','TGT-011',32.652041,35.269814,'HUMINT',2,'2026-03-15 10:59:25'),('a73ac080-228c-46f7-bf09-cba21bfd1ab3','2026-03-15 11:04:20.993084','TGT-011',32.640118,35.276419,'HUMINT',2,'2026-03-15 11:04:20'),('a7d2af2f-9dbc-485b-a812-01b398086c6f','2026-03-15 10:55:32.808985','TGT-010',31.869854,34.543416,'VISINT',3,'2026-03-15 10:55:32'),('a7f69c1a-f758-48ca-981a-bcbc99578599','2026-03-15 11:02:07.476132','TGT-001',31.409113,34.439576,'HUMINT',1,'2026-03-15 11:02:07'),('a82fa1a4-51d5-44da-a5c9-744b1634ae78','2026-03-15 11:08:05.991502','TGT-UNKNOWN-641',31.880816,35.178905,'HUMINT',99,'2026-03-15 11:08:05'),('a85d79f5-0060-4086-956f-d03f2d2e333d','2026-03-15 11:00:14.985807','TGT-007',32.510282,35.159813,'HUMINT',4,'2026-03-15 11:00:14'),('a94500d8-7d92-44c1-90cf-620d42b6a6ab','2026-03-15 10:55:02.700758','TGT-008',31.370514,34.935508,'SIGINT',1,'2026-03-15 10:55:02'),('ab16c61c-54ec-4d98-ac5f-026979f01edd','2026-03-15 10:55:18.760520','TGT-014',31.697591,35.453148,'HUMINT',3,'2026-03-15 10:55:18'),('ab24a6f2-913c-4cd8-a4fd-b0063af4cf97','2026-03-15 11:09:59.460251','TGT-010',31.886362,34.534567,'SIGINT',3,'2026-03-15 11:09:59'),('ab34a6f0-f655-4587-9cdc-a56f386f6c1b','2026-03-15 10:57:02.159177','TGT-008',31.364841,34.956545,'VISINT',1,'2026-03-15 10:57:02'),('ab373cf2-6ac4-447a-a753-341f78b7f6c8','2026-03-15 10:57:53.351861','TGT-015',31.986778,35.029855,'VISINT',2,'2026-03-15 10:57:53'),('ab90f1dc-0105-46a2-ab9c-264b1f28e5e2','2026-03-15 11:02:26.566077','TGT-011',32.64573,35.267205,'VISINT',2,'2026-03-15 11:02:26'),('ad2bbe61-f0f4-4ce0-9c4b-a8e1b9c0fcfa','2026-03-15 10:57:04.170753','TGT-012',31.518439,35.647842,'HUMINT',1,'2026-03-15 10:57:04'),('ae0eb7f5-65bb-4e5c-8257-6d7dcf7bdcbc','2026-03-15 11:01:36.328754','TGT-009',32.023135,35.777453,'VISINT',5,'2026-03-15 11:01:36'),('ae41b0ec-b939-4622-bd5c-b48b554c7885','2026-03-15 11:03:10.729288','TGT-003',32.10878,34.788195,'SIGINT',1,'2026-03-15 11:03:10'),('aeabae26-251f-4654-ab5d-856c53046d92','2026-03-15 11:02:29.577544','TGT-001',31.39355,34.419668,'SIGINT',1,'2026-03-15 11:02:29'),('aede4ceb-e9b3-4dc7-95e9-d6b91cf78c5d','2026-03-15 10:56:54.127457','TGT-013',32.227968,34.839616,'HUMINT',4,'2026-03-15 10:56:54'),('af148cae-770f-435c-97da-8e5f1507f79e','2026-03-15 10:56:15.969845','TGT-005',32.295535,35.515418,'SIGINT',3,'2026-03-15 10:56:15'),('af282cad-b35c-4989-a1e7-4491379dec36','2026-03-15 10:54:03.457710','TGT-002',31.795444,34.640301,'HUMINT',2,'2026-03-15 10:54:03'),('afdfdb34-7199-43f1-b88a-e4d35d745dfb','2026-03-15 10:55:00.694816','TGT-001',31.530898,34.454487,'VISINT',1,'2026-03-15 10:55:00'),('b01e7ecb-858b-43d7-8fdb-55087d749181','2026-03-15 11:06:50.606972','TGT-013',32.22431,34.883686,'VISINT',4,'2026-03-15 11:06:50'),('b020f532-f2e6-4643-bfee-6461a41c7b63','2026-03-15 11:02:32.588944','TGT-004',31.925563,35.084779,'VISINT',1,'2026-03-15 11:02:32'),('b02a96b4-3bfc-4d33-88b4-d60a32a51d93','2026-03-15 11:05:02.163986','TGT-015',31.995868,35.13922,'VISINT',2,'2026-03-15 11:05:02'),('b097936f-616c-4ce6-a05c-d4db6b423597','2026-03-15 11:07:22.799640','TGT-012',31.538153,35.661907,'HUMINT',1,'2026-03-15 11:07:22'),('b0aba1fd-7ce2-49b0-bd2b-bcc1d0c1020a','2026-03-15 10:58:48.611298','TGT-013',32.217649,34.815169,'HUMINT',4,'2026-03-15 10:58:48'),('b11975d2-0b69-483a-b091-75bb7254a181','2026-03-15 11:06:41.568285','TGT-004',31.891408,35.069473,'VISINT',1,'2026-03-15 11:06:41'),('b1f567e5-6b4f-417e-bcc3-954e10929ed9','2026-03-15 11:09:49.419844','TGT-012',31.554339,35.679936,'HUMINT',1,'2026-03-15 11:09:49'),('b26ff4f9-a1e4-42e7-84f9-51677d9b3b4d','2026-03-15 11:06:29.515294','TGT-003',32.160914,34.775041,'HUMINT',1,'2026-03-15 11:06:29'),('b3cd247d-eadd-44cb-b131-80202cae7558','2026-03-15 11:03:50.869047','TGT-004',31.918401,35.112268,'SIGINT',1,'2026-03-15 11:03:50'),('b47ede7b-ab01-4f98-921b-5c2c177ebda0','2026-03-15 11:09:14.283176','TGT-014',31.687199,35.428223,'HUMINT',3,'2026-03-15 11:09:14'),('b4e8bbf8-b513-4ebc-a6b3-de4727cd3109','2026-03-15 11:04:10.960624','TGT-005',32.33588,35.497503,'SIGINT',3,'2026-03-15 11:04:10'),('b67ac195-5c41-4e08-a368-7be36d2bcc74','2026-03-15 11:06:16.451523','TGT-001',31.404346,34.402646,'VISINT',1,'2026-03-15 11:06:16'),('b78c19d5-719a-44d6-b659-f07b9988b53a','2026-03-15 11:02:39.625263','TGT-004',31.921322,35.091261,'VISINT',1,'2026-03-15 11:02:39'),('b7bd4172-e56d-46bc-8134-bf35f4446efc','2026-03-15 11:08:58.219023','TGT-003',32.01418,34.79297,'HUMINT',1,'2026-03-15 11:08:58'),('b7d34b2c-655a-4125-a4b2-9556455af128','2026-03-15 11:06:53.621209','TGT-010',31.88706,34.520563,'HUMINT',3,'2026-03-15 11:06:53'),('b81300f9-0768-421f-b170-796e8bc0175c','2026-03-15 11:03:29.790176','TGT-001',31.439463,34.40951,'SIGINT',1,'2026-03-15 11:03:29'),('b82018a2-18fb-483f-ae99-8792375b2e61','2026-03-15 10:55:42.848200','TGT-006',31.586441,34.333099,'VISINT',2,'2026-03-15 10:55:42'),('b86bb3d1-3f61-4912-8918-726b99a21abe','2026-03-15 11:06:15.449274','TGT-010',31.873527,34.532038,'SIGINT',3,'2026-03-15 11:06:15'),('b8e33a2d-97b2-438e-9066-341263daff43','2026-03-15 10:56:49.111037','TGT-006',31.562112,34.343296,'VISINT',2,'2026-03-15 10:56:49'),('b8e45b85-dbcc-4090-ae2a-d55767c8f8ac','2026-03-15 10:55:04.707640','TGT-014',31.699753,35.438895,'VISINT',3,'2026-03-15 10:55:04'),('b910d144-3c9b-4122-959b-7934626fedcd','2026-03-15 11:08:53.194897','TGT-004',31.888304,35.156727,'HUMINT',1,'2026-03-15 11:08:53'),('b961c0e0-6dc9-45a4-bc2b-96440cce13a6','2026-03-15 11:06:17.456619','TGT-006',31.506084,34.355964,'HUMINT',2,'2026-03-15 11:06:17'),('b9e96b48-ec1f-480c-a9fb-7a28ed995253','2026-03-15 10:55:19.765039','TGT-004',31.896019,35.196163,'VISINT',1,'2026-03-15 10:55:19'),('b9f162db-ff42-4a1a-9c92-9e02c542dcdf','2026-03-15 11:01:29.303121','TGT-014',31.755564,34.145644,'HUMINT',1,'2026-03-15 11:01:29'),('ba890010-2c02-4c2d-b7ab-5a629aa8b023','2026-03-15 10:54:50.648629','TGT-014',31.695679,35.421366,'HUMINT',3,'2026-03-15 10:54:50'),('ba9f3d98-0dac-473b-89ed-8cede1424e89','2026-03-15 10:55:33.812126','TGT-013',32.260691,34.831839,'HUMINT',4,'2026-03-15 10:55:33'),('baa4c1da-eac9-4710-9703-83483c4f39e8','2026-03-15 11:04:12.964474','TGT-015',32.005363,35.137514,'VISINT',2,'2026-03-15 11:04:12'),('babad8ea-4237-4ec2-819e-5dbacbb083a0','2026-03-15 11:02:12.503371','TGT-014',32.958448,34.551418,'SIGINT',3,'2026-03-15 11:02:12'),('bb1395b8-b21c-4223-84be-743976966963','2026-03-15 11:10:29.567292','TGT-013',32.238609,34.786733,'HUMINT',4,'2026-03-15 11:10:29'),('bb2a18f6-d303-4416-8564-b32eca2099aa','2026-03-15 10:56:40.065983','TGT-014',31.711372,35.425118,'VISINT',3,'2026-03-15 10:56:40'),('bc9d96ab-01a7-4325-8e20-9cb76d09539f','2026-03-15 11:05:35.293469','TGT-006',31.53357,34.363109,'VISINT',2,'2026-03-15 11:05:35'),('befcf901-fa5c-4a1e-89ef-ee771695fa1e','2026-03-15 11:09:47.411827','TGT-001',31.514975,34.45454,'SIGINT',1,'2026-03-15 11:09:47'),('bf082ddd-dfab-4555-959f-aaef077cff55','2026-03-15 11:04:46.094097','TGT-011',32.625848,35.250754,'SIGINT',2,'2026-03-15 11:04:46'),('bfc40ab2-2fd5-4dd0-b443-3253fe780864','2026-03-15 11:00:40.103655','TGT-015',31.997958,35.077258,'HUMINT',2,'2026-03-15 11:00:40'),('bfec2160-f15b-4c8d-a4c4-184ff775d9c3','2026-03-15 11:01:46.377019','TGT-012',31.496796,35.607264,'HUMINT',1,'2026-03-15 11:01:46'),('c016ecfb-b4df-4a17-9ae9-e3f8c96ae797','2026-03-15 11:09:42.391968','TGT-009',32.091772,35.758121,'HUMINT',5,'2026-03-15 11:09:42'),('c06eea5c-1a88-457f-b330-3a5a43b96a6a','2026-03-15 11:03:18.753171','TGT-012',31.519677,35.587476,'HUMINT',1,'2026-03-15 11:03:18'),('c13a5232-d2cc-43c7-bff6-d94b77c17d44','2026-03-15 10:59:02.667935','TGT-015',31.981306,35.042141,'SIGINT',2,'2026-03-15 10:59:02'),('c14914f8-223c-49e9-8399-347b2b2720c5','2026-03-15 11:03:45.850089','TGT-007',32.514726,35.140171,'HUMINT',4,'2026-03-15 11:03:45'),('c1b0deec-2103-4624-97ea-3dd76f5f9b06','2026-03-15 11:05:43.320910','TGT-015',31.995924,35.152895,'HUMINT',2,'2026-03-15 11:05:43'),('c306a08b-879f-4d75-9a56-ceb5114d4bae','2026-03-15 11:05:04.172227','TGT-002',31.723953,34.56942,'HUMINT',2,'2026-03-15 11:05:04'),('c4a14575-0403-4f13-82b3-682f19a5a70e','2026-03-15 11:03:40.827011','TGT-015',32.001855,35.125389,'SIGINT',2,'2026-03-15 11:03:40'),('c4f904e9-fed9-4021-8eea-9227958c263b','2026-03-15 11:04:49.107627','TGT-001',31.407596,34.421859,'SIGINT',1,'2026-03-15 11:04:49'),('c513ae95-3c52-4d40-b0ce-5f3375f838b8','2026-03-15 10:54:38.603333','TGT-007',32.448493,35.114278,'VISINT',4,'2026-03-15 10:54:38'),('c51ef9b2-f00c-4ed9-bb4d-366060410d04','2026-03-15 11:09:56.451861','TGT-010',31.869693,34.54823,'VISINT',3,'2026-03-15 11:09:56'),('c55c9bdc-1f56-4855-a970-a88576e915de','2026-03-15 10:54:53.665844','TGT-001',31.525104,34.438965,'SIGINT',1,'2026-03-15 10:54:53'),('c5943f87-074a-4014-b70c-e3e5905aae06','2026-03-15 11:10:38.603737','TGT-009',32.082439,35.74802,'VISINT',5,'2026-03-15 11:10:38'),('c59f539c-66d9-4e7c-8942-a68d77e38aab','2026-03-15 11:03:36.812552','TGT-010',31.843979,34.501161,'HUMINT',3,'2026-03-15 11:03:36'),('c5c5cfb5-8eab-4e75-8471-e7c65660efdc','2026-03-15 11:06:02.399423','TGT-009',32.022047,35.721498,'SIGINT',5,'2026-03-15 11:06:02'),('c687812c-6078-4368-874c-87a36d3e5e80','2026-03-15 11:08:45.159817','TGT-005',32.324225,35.473636,'VISINT',3,'2026-03-15 11:08:45'),('c68b0014-0c1a-4a2d-92ac-ad7751ed77a7','2026-03-15 11:07:15.761569','TGT-015',31.998657,34.995542,'VISINT',2,'2026-03-15 11:07:15'),('c6905d2c-b92c-4874-b0b5-536a990e9393','2026-03-15 11:08:03.979277','TGT-002',31.811274,34.649205,'HUMINT',2,'2026-03-15 11:08:03'),('c6bf2146-db2a-4be5-a16e-992559c6b12e','2026-03-15 11:09:34.361881','TGT-007',32.471234,35.083478,'HUMINT',4,'2026-03-15 11:09:34'),('c7033e05-0d1c-4fe2-ac8b-3220eaea3dd9','2026-03-15 11:01:19.269906','TGT-003',32.054816,34.778176,'SIGINT',1,'2026-03-15 11:01:19'),('c75373b5-eb11-45ce-85b3-d5f1901b7b09','2026-03-15 11:10:55.674765','TGT-012',31.53879,35.70601,'VISINT',1,'2026-03-15 11:10:55'),('c7c4bdd7-802b-4c89-9b8c-6a4e8e3de843','2026-03-15 10:59:46.867662','TGT-002',31.756829,34.647732,'VISINT',2,'2026-03-15 10:59:46'),('c8d89b0d-e232-45c6-9c4c-5031e6f51ccd','2026-03-15 11:07:12.746236','TGT-003',32.030373,34.763857,'HUMINT',1,'2026-03-15 11:07:12'),('c8fdd282-7666-435d-91ae-20ad91c68796','2026-03-15 11:07:31.841808','TGT-006',31.667098,34.349134,'HUMINT',2,'2026-03-15 11:07:31'),('c9c3ca9c-9ba8-49dd-814b-3891ea4dae95','2026-03-15 11:09:04.245175','TGT-013',32.242209,34.782464,'VISINT',4,'2026-03-15 11:09:04'),('c9f1aed3-91d2-4bc2-8f45-98179779efa1','2026-03-15 10:53:33.322336','TGT-013',32.238853,34.809892,'VISINT',4,'2026-03-15 10:53:35'),('c9fff963-5c1b-469c-863b-a22dd0d15f03','2026-03-15 11:04:19.991303','TGT-009',32.019367,35.741502,'HUMINT',5,'2026-03-15 11:04:19'),('ca6ff43d-c25d-4e72-ad37-bd3b9385946d','2026-03-15 11:05:53.360766','TGT-001',31.409927,34.407846,'VISINT',1,'2026-03-15 11:05:53'),('cab72bab-6430-41f9-8fb0-d1396ffef5c0','2026-03-15 11:04:57.143657','TGT-001',31.401955,34.423343,'SIGINT',1,'2026-03-15 11:04:57'),('cb29faf5-540a-4c68-a479-76625553ebc0','2026-03-15 11:02:00.441181','TGT-004',31.908555,35.079407,'SIGINT',1,'2026-03-15 11:02:00'),('cb4aceaa-e6b4-4ade-99b7-b19d1f757640','2026-03-15 11:01:35.324130','TGT-008',31.353601,34.959663,'HUMINT',1,'2026-03-15 11:01:35'),('cc048ca6-8c91-4efb-8b95-0915ded29fe9','2026-03-15 10:54:39.606012','TGT-012',31.521586,35.646299,'HUMINT',1,'2026-03-15 10:54:39'),('cc084232-14f9-4063-8731-68fa29dc4c4d','2026-03-15 11:07:10.735480','TGT-007',32.445565,35.104808,'SIGINT',4,'2026-03-15 11:07:10'),('cde572ce-caff-4a97-93d3-a9418981f305','2026-03-15 10:57:31.270666','TGT-001',31.501148,34.473345,'HUMINT',1,'2026-03-15 10:57:31'),('cdf2be9e-816e-4618-8b24-17db143b63e3','2026-03-15 11:07:25.814215','TGT-014',31.698351,35.405599,'VISINT',3,'2026-03-15 11:07:25'),('ce0c0d7b-7ac6-4ead-97df-d55e3b9ca9b9','2026-03-15 10:59:28.785852','TGT-001',31.466886,34.445566,'VISINT',1,'2026-03-15 10:59:28'),('cee54cf1-2c01-48ea-9c21-fd02383e4a33','2026-03-15 11:08:55.203076','TGT-013',32.24992,34.816982,'SIGINT',4,'2026-03-15 11:08:55'),('cfb8484e-ba8d-46e1-b53e-654f3b5604d8','2026-03-15 11:07:28.827277','TGT-003',32.039944,34.76373,'SIGINT',1,'2026-03-15 11:07:28'),('d0260c08-f1d4-4948-89da-3709ad481e81','2026-03-15 11:07:30.840017','TGT-001',31.525986,34.453226,'HUMINT',1,'2026-03-15 11:07:30'),('d0f87657-b40a-4759-b0fd-c50c2091f77f','2026-03-15 11:00:01.931348','TGT-008',31.37497,34.965645,'VISINT',1,'2026-03-15 11:00:01'),('d1bc55c0-2def-4469-a189-2fec2536d05e','2026-03-15 11:00:54.157963','TGT-007',32.356903,34.578781,'VISINT',1,'2026-03-15 11:00:54'),('d2567def-fc2f-4a18-be0f-7b9c3633bf57','2026-03-15 11:07:59.960588','TGT-001',31.51335,34.438691,'VISINT',1,'2026-03-15 11:07:59'),('d272f99b-8b90-4082-91e2-38b796277a1f','2026-03-15 11:09:16.290010','TGT-007',32.462866,35.085469,'VISINT',4,'2026-03-15 11:09:16'),('d2767502-ce05-4337-82e0-f2b72f023a05','2026-03-15 11:10:14.523773','TGT-001',31.518188,34.468,'HUMINT',1,'2026-03-15 11:10:14'),('d2abbe2f-ad70-4765-9d62-6fb49568b6c3','2026-03-15 10:58:09.428141','TGT-011',32.640195,35.290853,'SIGINT',2,'2026-03-15 10:58:09'),('d358a8a1-11c9-4842-8e75-6670ccc3f665','2026-03-15 11:09:12.274199','TGT-013',32.22347,34.767595,'SIGINT',4,'2026-03-15 11:09:12'),('d35d5152-dfa4-462f-a064-5b0d1b9555cc','2026-03-15 10:58:55.640944','TGT-011',32.65057,35.255822,'SIGINT',2,'2026-03-15 10:58:55'),('d427eb18-aeb1-486d-90fe-00ab306d3843','2026-03-15 10:57:54.356962','TGT-013',32.191459,34.814495,'VISINT',4,'2026-03-15 10:57:54'),('d44060ff-f95d-43cd-8dc5-efe44fdc018a','2026-03-15 10:53:58.431202','TGT-012',31.539795,35.648615,'SIGINT',1,'2026-03-15 10:53:58'),('d496074f-372e-4b1f-ad86-08c3198aa85f','2026-03-15 11:09:31.347183','TGT-011',32.566809,35.31934,'HUMINT',2,'2026-03-15 11:09:31'),('d4bc2ef6-96de-4747-8977-42b456c64c01','2026-03-15 11:10:13.519254','TGT-001',31.530786,34.471716,'VISINT',1,'2026-03-15 11:10:13'),('d4d6425b-f786-4c21-bb32-2c1d2affacb1','2026-03-15 11:05:16.216870','TGT-013',32.218584,34.901152,'VISINT',4,'2026-03-15 11:05:16'),('d4f5876e-1472-415f-9f51-869009f92319','2026-03-15 10:59:19.749339','TGT-002',31.782994,34.632504,'VISINT',2,'2026-03-15 10:59:19'),('d565e8f3-4440-40b7-b6c0-4f43b692438c','2026-03-15 10:56:51.116338','TGT-012',31.514745,35.630189,'HUMINT',1,'2026-03-15 10:56:51'),('d578f0f5-c1fc-4952-8f97-cc1bd5b21d8e','2026-03-15 11:05:36.294430','TGT-006',31.999079,35.257552,'HUMINT',4,'2026-03-15 11:05:36'),('d57c9af3-8697-4e11-9930-399f80a37522','2026-03-15 10:55:09.724041','TGT-006',31.600292,34.354897,'SIGINT',2,'2026-03-15 10:55:09'),('d60ff6a1-5f4e-493e-975f-82e165662aec','2026-03-15 11:03:38.821087','TGT-013',32.222719,34.88923,'VISINT',4,'2026-03-15 11:03:38'),('d61c444e-d4a1-446f-a75b-4ebab9230c6d','2026-03-15 11:01:21.276449','TGT-013',32.209101,34.843969,'SIGINT',4,'2026-03-15 11:01:21'),('d6d1ac10-04f1-45e8-8404-f30605eccfd3','2026-03-15 10:55:22.771987','TGT-003',32.038395,34.783934,'VISINT',1,'2026-03-15 10:55:22'),('d72718a4-5d03-49dd-a1a5-cfcf645c18da','2026-03-15 11:06:56.632629','TGT-014',31.672351,35.425057,'HUMINT',3,'2026-03-15 11:07:04'),('d733097e-a299-48ae-9e7d-4f547edca0f3','2026-03-15 11:08:48.173368','TGT-007',32.446271,35.089112,'VISINT',4,'2026-03-15 11:08:48'),('d75a5fd3-905c-48e6-9603-f4dddcf37810','2026-03-15 11:04:42.077124','TGT-001',31.399798,34.398997,'VISINT',1,'2026-03-15 11:04:42'),('d7e9e14b-8b52-4ce4-b9d3-cf2bf1cb4e5f','2026-03-15 11:03:26.783258','TGT-012',31.526634,35.578658,'SIGINT',1,'2026-03-15 11:03:26'),('d8c49a05-d285-4b42-b1c6-9f81a8e8573e','2026-03-15 11:08:38.129820','TGT-015',32.014686,34.999004,'VISINT',2,'2026-03-15 11:08:38'),('d94a8cb1-8e11-44f5-821a-8fc0ac90e492','2026-03-15 11:02:45.644580','TGT-015',32.008353,35.100727,'SIGINT',2,'2026-03-15 11:02:45'),('d9d33ae9-2ede-4476-94e4-43467fa43a16','2026-03-15 10:54:29.566901','TGT-003',32.047869,34.773511,'SIGINT',1,'2026-03-15 10:54:29'),('d9e5366b-4236-482a-84c3-756afc241582','2026-03-15 10:59:36.824535','TGT-015',31.999327,35.045217,'HUMINT',2,'2026-03-15 10:59:36'),('da9546c0-d964-4209-8693-e150a56681d2','2026-03-15 11:02:37.614924','TGT-010',31.86924,34.524291,'VISINT',3,'2026-03-15 11:02:37'),('dadd07d4-1847-4223-b042-4202fb6365e5','2026-03-15 11:01:38.337847','TGT-002',31.746967,34.604028,'SIGINT',2,'2026-03-15 11:01:38'),('db1ca141-453b-4025-af06-227d48f10074','2026-03-15 10:59:37.829834','TGT-002',31.763549,34.639087,'HUMINT',2,'2026-03-15 10:59:37'),('db358226-4d1a-4f25-ab4d-1d90518c8590','2026-03-15 11:00:26.033370','TGT-003',32.051979,34.81021,'SIGINT',1,'2026-03-15 11:00:26'),('db5dcd78-3370-4d8b-a260-27472e48cf0b','2026-03-15 10:55:50.875353','TGT-015',32.023459,34.979152,'SIGINT',2,'2026-03-15 10:55:50'),('dbdcd93d-7d79-42c6-a5e8-048f89d9bb0a','2026-03-15 11:00:06.954809','TGT-008',31.183916,35.039075,'HUMINT',1,'2026-03-15 11:00:06'),('dbe3b256-70fc-45c2-8833-badb359b5767','2026-03-15 11:02:51.665348','TGT-003',32.105972,34.788997,'SIGINT',1,'2026-03-15 11:02:51'),('dc020cb5-1368-41c0-be64-4f2fce96e322','2026-03-15 11:08:26.078419','TGT-003',32.035199,34.771925,'VISINT',1,'2026-03-15 11:08:26'),('dd8fc71c-0d20-42c8-a397-d227260b4e76','2026-03-15 10:55:28.794273','TGT-001',31.537911,34.465917,'SIGINT',1,'2026-03-15 10:55:28'),('ddc43196-8b27-421b-a2c6-8edeae5d18e4','2026-03-15 11:02:28.572124','TGT-001',31.407288,34.425179,'VISINT',1,'2026-03-15 11:02:28'),('dde7acfd-46db-4639-885f-7b33e5a8d4f7','2026-03-15 10:54:01.448978','TGT-001',31.527783,34.46781,'VISINT',1,'2026-03-15 10:54:01'),('de5614fc-a230-4c70-8474-9c4d9cc3db14','2026-03-15 11:07:49.917920','TGT-015',31.072173,35.196955,'VISINT',5,'2026-03-15 11:07:49'),('dea241fd-523b-4edc-a2f5-baae9fb851dd','2026-03-15 11:07:53.936931','TGT-UNKNOWN-811',31.89606,35.19641,'VISINT',99,'2026-03-15 11:07:53'),('df0f3231-ae0c-40e8-b7f2-c9145bdf4ca5','2026-03-15 11:00:15.987377','TGT-009',32.053027,35.839485,'VISINT',5,'2026-03-15 11:00:15'),('df39d170-a0d7-44d0-a5ab-b295609b4cbe','2026-03-15 10:55:57.897287','TGT-002',31.791798,34.628868,'VISINT',2,'2026-03-15 10:55:58'),('e0501db0-1d5f-4910-8a73-09c3f676e5f1','2026-03-15 11:04:56.138645','TGT-006',31.518952,34.346664,'SIGINT',2,'2026-03-15 11:04:56'),('e0a9d92b-a6ac-47d7-9e68-150c89188179','2026-03-15 11:08:14.023286','TGT-009',32.104096,35.783689,'SIGINT',5,'2026-03-15 11:08:14'),('e0b3be1e-2a59-49a9-8de5-07d49b1ad2dd','2026-03-15 10:54:13.501447','TGT-004',31.899096,35.212666,'VISINT',1,'2026-03-15 10:54:13'),('e10facba-747d-4ba9-90aa-b75fe36c517b','2026-03-15 11:09:24.322480','TGT-001',31.516487,34.448866,'VISINT',1,'2026-03-15 11:09:24'),('e19538cd-090d-46d0-8d85-f9a0835d2b88','2026-03-15 10:53:47.379813','TGT-011',32.619509,35.305882,'VISINT',2,'2026-03-15 10:53:47'),('e2905e3d-5a51-4b73-ba76-ffde416211b8','2026-03-15 11:05:31.280545','TGT-011',32.599666,35.263562,'VISINT',2,'2026-03-15 11:05:31'),('e2c0d11d-ccfb-4499-b737-e2acec91757a','2026-03-15 11:04:04.935350','TGT-UNKNOWN-130',31.513427,34.838353,'HUMINT',99,'2026-03-15 11:04:04'),('e2ce6ea9-98c3-4bd7-bb84-cb49e9742135','2026-03-15 11:05:22.239398','TGT-010',31.893404,34.5435,'SIGINT',3,'2026-03-15 11:05:22'),('e35b711d-6421-4010-bbfe-a1f1274e6237','2026-03-15 11:01:25.288028','TGT-003',32.070075,34.782402,'HUMINT',1,'2026-03-15 11:01:25'),('e3abaaff-e56b-4b69-9e1f-26c5412df253','2026-03-15 11:02:53.673715','TGT-009',32.00316,35.743091,'VISINT',5,'2026-03-15 11:02:53'),('e3e8133e-2760-47e5-b36e-bd4301133375','2026-03-15 11:04:23.001416','TGT-008',31.351719,34.956562,'SIGINT',1,'2026-03-15 11:04:23'),('e4b5d0ee-6b57-4709-8af8-fc9ca5f0721a','2026-03-15 11:06:01.396537','TGT-001',31.42008,34.398915,'HUMINT',1,'2026-03-15 11:06:01'),('e4b78a93-a612-4eb6-89c0-4c5442201c56','2026-03-15 10:53:57.427619','TGT-014',31.718129,35.41675,'VISINT',3,'2026-03-15 10:53:57'),('e4f852ec-b4de-420c-991e-053569a1267d','2026-03-15 11:00:23.019109','TGT-009',32.047753,35.820519,'SIGINT',5,'2026-03-15 11:00:23'),('e51f5e86-f7e5-46a5-ab23-b2fe632bb70e','2026-03-15 11:09:17.295915','TGT-002',31.817001,34.683918,'VISINT',2,'2026-03-15 11:09:17'),('e52e745c-4fda-4a17-a01f-91ee16199874','2026-03-15 11:03:06.715892','TGT-007',32.542883,35.130584,'VISINT',4,'2026-03-15 11:03:06'),('e5853534-5016-4e92-a8c6-49a1ddbd080e','2026-03-15 10:59:15.732263','TGT-010',31.313075,35.223204,'HUMINT',5,'2026-03-15 10:59:15'),('e5c2b88f-27aa-4b11-84be-a682a8b6fd57','2026-03-15 10:55:26.786380','TGT-001',31.540249,34.457411,'SIGINT',1,'2026-03-15 10:55:26'),('e605a679-cf1e-4f47-9735-0998d2d86d6b','2026-03-15 10:54:35.592539','TGT-014',31.702765,35.415478,'SIGINT',3,'2026-03-15 10:54:35'),('e7382ac6-7855-4b83-be1a-de602b0ab3d4','2026-03-15 11:10:49.652309','TGT-005',32.3216,35.451247,'VISINT',3,'2026-03-15 11:10:49'),('e87a106e-62db-4095-a63d-a8310dcda01a','2026-03-15 11:05:18.226342','TGT-003',32.137392,34.765903,'HUMINT',1,'2026-03-15 11:05:18'),('e8b53173-078e-4476-85bb-2f922bb44275','2026-03-15 10:55:39.835968','TGT-003',32.039218,34.792998,'HUMINT',1,'2026-03-15 10:55:39'),('e8c28025-a2c2-4773-9dd8-659bbd062db5','2026-03-15 11:02:59.694959','TGT-015',32.018078,35.109576,'SIGINT',2,'2026-03-15 11:02:59'),('ea6bc3db-8c92-4bfa-afbf-da5caddfc4c5','2026-03-15 11:02:04.459992','TGT-008',31.374722,34.94445,'VISINT',1,'2026-03-15 11:02:04'),('ebdc9845-0a8b-4fd1-98f8-9e507fbb9b3a','2026-03-15 10:57:15.207155','TGT-007',32.492681,35.110666,'SIGINT',4,'2026-03-15 10:57:15'),('ebf0b7fa-5096-4aae-83e9-706fdf47cfe9','2026-03-15 10:58:54.637621','TGT-001',31.164615,34.112881,'VISINT',2,'2026-03-15 10:58:54'),('ec0d9a77-1466-4149-b0df-8cbdbdff4634','2026-03-15 10:56:02.921945','TGT-014',31.699073,35.443527,'HUMINT',3,'2026-03-15 10:56:02'),('ecbc0aa3-792a-4c03-bf72-babbdb9a77bd','2026-03-15 11:08:08.002772','TGT-011',32.608174,35.299958,'VISINT',2,'2026-03-15 11:08:08'),('ed387408-6dfa-4f59-afab-187838f86f28','2026-03-15 11:03:39.824256','TGT-010',31.855293,34.50294,'SIGINT',3,'2026-03-15 11:03:39'),('ed63d7e5-90fb-4d86-8236-ddd8462cc8e1','2026-03-15 11:09:10.264356','TGT-011',32.587033,35.330852,'SIGINT',2,'2026-03-15 11:09:10'),('ed6f7fcc-4f34-4dcd-b450-95437cc07a8a','2026-03-15 11:02:44.641325','TGT-011',32.657126,35.278371,'VISINT',2,'2026-03-15 11:02:44'),('ee0fa27d-4452-4053-9f79-b32081dd371c','2026-03-15 11:06:31.526053','TGT-008',31.330855,34.967534,'SIGINT',1,'2026-03-15 11:06:31'),('ee12c7ec-2206-49ac-ac61-206d4638436a','2026-03-15 10:55:58.899749','TGT-007',32.47352,35.112893,'HUMINT',4,'2026-03-15 10:55:58'),('ee1a525d-4eeb-49c2-bf82-f89b85b8d529','2026-03-15 11:10:19.536232','TGT-013',32.238381,34.770377,'SIGINT',4,'2026-03-15 11:10:19'),('f196fcab-0986-45e0-ae7d-0488f48c9a29','2026-03-15 10:56:36.047728','TGT-011',32.616652,35.293367,'HUMINT',2,'2026-03-15 10:56:36'),('f1aa895f-b01e-44aa-8b7d-50b321576399','2026-03-15 11:08:30.097723','TGT-007',32.459001,35.091942,'VISINT',4,'2026-03-15 11:08:30'),('f1cbb3e1-d052-4697-b105-d313120031fb','2026-03-15 11:07:46.901890','TGT-004',31.893561,35.17614,'VISINT',1,'2026-03-15 11:07:46'),('f25d6fad-be1f-4c44-91bc-40e10e54dbe6','2026-03-15 11:04:58.148546','TGT-010',31.895503,34.545233,'VISINT',3,'2026-03-15 11:04:58'),('f264dc54-6ca3-4fa6-9f7e-1dfb076cb4b3','2026-03-15 10:59:56.908472','TGT-007',32.504965,35.142701,'SIGINT',4,'2026-03-15 10:59:56'),('f2800b8d-a2a4-4d39-9649-3a146529583d','2026-03-15 11:09:40.381717','TGT-007',32.476956,35.092628,'VISINT',4,'2026-03-15 11:09:40'),('f311239e-70cb-44c9-823a-621d04299618','2026-03-15 11:07:40.878270','TGT-012',31.554863,35.650939,'HUMINT',1,'2026-03-15 11:07:40'),('f3215810-9802-4026-960f-2a03b85d38e3','2026-03-15 11:04:27.014869','TGT-008',31.37116,34.938434,'SIGINT',1,'2026-03-15 11:04:27'),('f352cfd5-3958-41ca-942e-11304ca5c05f','2026-03-15 10:55:34.819021','TGT-006',31.595842,34.35203,'HUMINT',2,'2026-03-15 10:55:34'),('f39c059c-a062-44eb-9587-8970a384ff1b','2026-03-15 11:03:32.799426','TGT-007',32.516394,35.149194,'HUMINT',4,'2026-03-15 11:03:32'),('f4f6cb23-7fac-441c-a4d0-cf5e310beed4','2026-03-15 11:07:57.951255','TGT-003',32.035438,34.767599,'HUMINT',1,'2026-03-15 11:07:57'),('f6797870-35f9-40c2-ab1a-7a916a9c9341','2026-03-15 10:57:11.194397','TGT-015',31.984844,35.018688,'HUMINT',2,'2026-03-15 10:57:11'),('f7ede648-cba1-494b-8bb3-6242e7fa5de4','2026-03-15 11:07:43.884087','TGT-014',31.70364,35.410642,'SIGINT',3,'2026-03-15 11:07:43'),('f92fa5df-1b2d-4d64-9af0-b2e5438a7d9f','2026-03-15 11:07:26.815708','TGT-004',31.881987,35.193012,'HUMINT',1,'2026-03-15 11:07:26'),('f935b651-f714-4120-bcac-639968e1e0d7','2026-03-15 11:09:50.423808','TGT-007',32.493726,35.099801,'HUMINT',4,'2026-03-15 11:09:50'),('f946ab92-818d-4bb6-a3c5-cf1641f824f7','2026-03-15 10:54:26.557202','TGT-013',32.241112,34.79209,'HUMINT',4,'2026-03-15 10:54:26'),('f9bb4e7e-ae52-49ba-8413-3b2ec19d8c90','2026-03-15 11:02:09.487772','TGT-011',32.629082,35.275621,'VISINT',2,'2026-03-15 11:02:09'),('fa244f5b-5f4f-4a60-8e3f-0f939eb86664','2026-03-15 11:02:56.680267','TGT-001',31.400829,34.382066,'SIGINT',1,'2026-03-15 11:02:56'),('fa75efb9-b3be-426c-abfd-38378ac79b96','2026-03-15 10:58:50.620173','TGT-013',32.231032,34.83501,'VISINT',4,'2026-03-15 10:58:50'),('fb412207-3c34-4e9c-9202-9ed7c0bbb57c','2026-03-15 11:10:36.592411','TGT-006',31.704642,34.371529,'VISINT',2,'2026-03-15 11:10:36'),('fb5a1358-0cf1-4a03-9bab-0020f15efb80','2026-03-15 11:10:20.538557','TGT-UNKNOWN-973',31.41075,34.905918,'VISINT',99,'2026-03-15 11:10:20'),('fbcc3011-bae3-4283-a320-0340a74d0290','2026-03-15 10:57:16.209728','TGT-006',31.569545,34.338385,'VISINT',2,'2026-03-15 10:57:16'),('fcf28d71-d2b5-492e-9868-79a5226e7a80','2026-03-15 11:03:13.738714','TGT-001',31.428976,34.408128,'SIGINT',1,'2026-03-15 11:03:13'),('fcfc6130-a9bb-4018-bcf9-59818b995de8','2026-03-15 10:59:18.743327','TGT-001',31.482622,34.456068,'SIGINT',1,'2026-03-15 10:59:18'),('fdd8ce8e-09cb-48a2-bd6f-a672f82b17f5','2026-03-15 11:09:37.376070','TGT-005',32.334794,35.46471,'VISINT',3,'2026-03-15 11:09:37'),('feac4534-f8b7-4da3-a096-6a7080cc1b90','2026-03-15 11:09:35.368637','TGT-010',31.871097,34.555002,'VISINT',3,'2026-03-15 11:09:35'),('feb6061d-1ede-4622-acc0-478521e7f7c2','2026-03-15 10:59:38.832765','TGT-010',31.88158,34.504275,'HUMINT',3,'2026-03-15 10:59:38'),('ff40e550-1889-4cd0-bac2-008abe9734fd','2026-03-15 11:10:09.508331','TGT-008',31.413847,34.908814,'HUMINT',1,'2026-03-15 11:10:09'),('ff428c6a-270b-40a8-8999-a9c12f2ff2d0','2026-03-15 10:56:31.026465','TGT-007',32.49715,35.128284,'HUMINT',4,'2026-03-15 10:56:31');
/*!40000 ALTER TABLE `intel_signals` ENABLE KEYS */;
UNLOCK TABLES;

--
-- Add distance_from_last column and populate it
--

ALTER TABLE `intel_signals` ADD COLUMN `distance_from_last` double NOT NULL DEFAULT 0;

UPDATE `intel_signals` s
JOIN (
    SELECT
        signal_id,
        CASE
            WHEN prev_lat IS NULL THEN 0
            ELSE 6371 * 2 * ASIN(SQRT(
                POW(SIN(RADIANS(reported_lat - prev_lat) / 2), 2) +
                COS(RADIANS(prev_lat)) * COS(RADIANS(reported_lat)) *
                POW(SIN(RADIANS(reported_lon - prev_lon) / 2), 2)
            ))
        END AS dist_km
    FROM (
        SELECT
            signal_id,
            reported_lat,
            reported_lon,
            LAG(reported_lat) OVER (PARTITION BY entity_id ORDER BY `timestamp`) AS prev_lat,
            LAG(reported_lon) OVER (PARTITION BY entity_id ORDER BY `timestamp`) AS prev_lon
        FROM `intel_signals`
    ) sub
) calc ON s.signal_id = calc.signal_id
SET s.distance_from_last = calc.dist_km;

--
-- Table structure for table `targets`
--

DROP TABLE IF EXISTS `targets`;
/*!40101 SET @saved_cs_client     = @@character_set_client */;
/*!50503 SET character_set_client = utf8mb4 */;
CREATE TABLE `targets` (
  `entity_id` varchar(50) NOT NULL,
  `target_name` varchar(100) NOT NULL,
  `target_type` varchar(50) NOT NULL,
  `initial_lat` double NOT NULL,
  `initial_lon` double NOT NULL,
  `last_known_lat` double DEFAULT NULL,
  `last_known_lon` double DEFAULT NULL,
  `priority_level` int NOT NULL,
  `status` enum('active','attacked','damaged','destroyed') NOT NULL DEFAULT 'active',
  `movement_distance_km` double NOT NULL DEFAULT '0',
  `avg_speed_m_per_s` double DEFAULT NULL,
  `created_at` timestamp NULL DEFAULT CURRENT_TIMESTAMP,
  `updated_at` timestamp NULL DEFAULT CURRENT_TIMESTAMP ON UPDATE CURRENT_TIMESTAMP,
  PRIMARY KEY (`entity_id`)
) ENGINE=InnoDB DEFAULT CHARSET=utf8mb4 COLLATE=utf8mb4_0900_ai_ci;
/*!40101 SET character_set_client = @saved_cs_client */;

--
-- Dumping data for table `targets`
--

LOCK TABLES `targets` WRITE;
/*!40000 ALTER TABLE `targets` DISABLE KEYS */;
INSERT INTO `targets` VALUES ('TGT-001','Convoy Alpha','mobile_vehicle',31.52,34.45,31.537911,34.465917,1,'destroyed',9.17122879532261,104.9997,'2026-03-15 10:53:20','2026-03-15 10:57:08'),('TGT-002','Depot Bravo','infrastructure',31.78,34.63,31.746967,34.604028,2,'destroyed',13.818771800242157,30.3789,'2026-03-15 10:53:20','2026-03-15 11:05:41'),('TGT-003','Squad Charlie','human_squad',32.05,34.78,32.160914,34.775041,1,'damaged',174.09101899797986,236.2101,'2026-03-15 10:53:20','2026-03-15 11:10:44'),('TGT-004','Launcher Delta','launcher',31.9,35.2,31.866107,35.131385,1,'damaged',63.97819658688603,62.2187,'2026-03-15 10:53:20','2026-03-15 11:11:07'),('TGT-005','Transport Echo','mobile_vehicle',32.3,35.5,32.3216,35.451247,3,'active',41.185911816791155,40.9732,'2026-03-15 10:53:20','2026-03-15 11:10:49'),('TGT-006','Bunker Foxtrot','infrastructure',31.65,34.35,31.523182,34.33319,2,'destroyed',72.67315558171919,122.6631,'2026-03-15 10:53:20','2026-03-15 11:04:51'),('TGT-007','Patrol Golf','human_squad',32.45,35.1,32.493726,35.099801,4,'attacked',161.51365239109373,177.1332,'2026-03-15 10:53:20','2026-03-15 11:09:50'),('TGT-008','Launcher Hotel','launcher',31.4,34.9,31.408331,34.909874,1,'damaged',381.270657679776,372.2366,'2026-03-15 10:53:20','2026-03-15 11:10:39'),('TGT-009','Rover India','mobile_vehicle',32.1,35.8,32.095536,35.761901,5,'destroyed',281.6927746286278,312.0223,'2026-03-15 10:53:20','2026-03-15 11:09:25'),('TGT-010','Outpost Juliet','infrastructure',31.85,34.55,31.888393,34.518124,3,'destroyed',301.12932798925846,731.4213,'2026-03-15 10:53:20','2026-03-15 11:01:51'),('TGT-011','Squad Kilo','human_squad',32.6,35.3,32.599666,35.263562,2,'destroyed',45.258229089985804,64.2963,'2026-03-15 10:53:20','2026-03-15 11:06:28'),('TGT-012','Launcher Lima','launcher',31.55,35.65,31.53879,35.70601,1,'attacked',45.53523719154699,44.7634,'2026-03-15 10:53:20','2026-03-15 11:10:55'),('TGT-013','Jeep Mike','mobile_vehicle',32.25,34.8,32.231462,34.768147,4,'attacked',89.95559157505474,87.395,'2026-03-15 10:53:20','2026-03-15 11:10:42'),('TGT-014','Compound November','infrastructure',31.7,35.4,31.687199,35.428223,3,'attacked',600.251141905595,635.7995,'2026-03-15 10:53:20','2026-03-15 11:09:14'),('TGT-015','Squad Oscar','human_squad',32,35,32.028754,35.011207,2,'destroyed',258.0544197303808,283.3168,'2026-03-15 10:53:20','2026-03-15 11:10:24');
/*!40000 ALTER TABLE `targets` ENABLE KEYS */;
UNLOCK TABLES;
/*!40103 SET TIME_ZONE=@OLD_TIME_ZONE */;

/*!40101 SET SQL_MODE=@OLD_SQL_MODE */;
/*!40014 SET FOREIGN_KEY_CHECKS=@OLD_FOREIGN_KEY_CHECKS */;
/*!40014 SET UNIQUE_CHECKS=@OLD_UNIQUE_CHECKS */;
/*!40101 SET CHARACTER_SET_CLIENT=@OLD_CHARACTER_SET_CLIENT */;
/*!40101 SET CHARACTER_SET_RESULTS=@OLD_CHARACTER_SET_RESULTS */;
/*!40101 SET COLLATION_CONNECTION=@OLD_COLLATION_CONNECTION */;
/*!40111 SET SQL_NOTES=@OLD_SQL_NOTES */;

-- Dump completed on 2026-03-15 11:11:42
